name,id,delta_mono_mass,params
Acetyl,UniMod:1,42.010565,"UniMod:1,42.010565"
Amidated,UniMod:2,-0.984016,"UniMod:2,-0.984016"
Biotin,UniMod:3,226.077598,"UniMod:3,226.077598"
Carbamidomethyl,UniMod:4,57.021464,"UniMod:4,57.021464"
Carbamyl,UniMod:5,43.005814,"UniMod:5,43.005814"
Carboxymethyl,UniMod:6,58.005479,"UniMod:6,58.005479"
Deamidated,UniMod:7,0.984016,"UniMod:7,0.984016"
ICAT-G,UniMod:8,486.251206,"UniMod:8,486.251206"
ICAT-G:2H(8),UniMod:9,494.30142,"UniMod:9,494.30142"
Met->Hse,UniMod:10,-29.992806,"UniMod:10,-29.992806"
Met->Hsl,UniMod:11,-48.003371,"UniMod:11,-48.003371"
ICAT-D:2H(8),UniMod:12,450.275205,"UniMod:12,450.275205"
ICAT-D,UniMod:13,442.224991,"UniMod:13,442.224991"
NIPCAM,UniMod:17,99.068414,"UniMod:17,99.068414"
PEO-Iodoacetyl-LC-Biotin,UniMod:20,414.193691,"UniMod:20,414.193691"
Phospho,UniMod:21,79.966331,"UniMod:21,79.966331"
Dehydrated,UniMod:23,-18.010565,"UniMod:23,-18.010565"
Propionamide,UniMod:24,71.037114,"UniMod:24,71.037114"
Pyridylacetyl,UniMod:25,119.037114,"UniMod:25,119.037114"
Pyro-carbamidomethyl,UniMod:26,39.994915,"UniMod:26,39.994915"
Glu->pyro-Glu,UniMod:27,-18.010565,"UniMod:27,-18.010565"
Gln->pyro-Glu,UniMod:28,-17.026549,"UniMod:28,-17.026549"
SMA,UniMod:29,127.063329,"UniMod:29,127.063329"
Cation:Na,UniMod:30,21.981943,"UniMod:30,21.981943"
Pyridylethyl,UniMod:31,105.057849,"UniMod:31,105.057849"
Methyl,UniMod:34,14.01565,"UniMod:34,14.01565"
Oxidation,UniMod:35,15.994915,"UniMod:35,15.994915"
Dimethyl,UniMod:36,28.0313,"UniMod:36,28.0313"
Trimethyl,UniMod:37,42.04695,"UniMod:37,42.04695"
Methylthio,UniMod:39,45.987721,"UniMod:39,45.987721"
Sulfo,UniMod:40,79.956815,"UniMod:40,79.956815"
Hex,UniMod:41,162.052824,"UniMod:41,162.052824"
Lipoyl,UniMod:42,188.032956,"UniMod:42,188.032956"
HexNAc,UniMod:43,203.079373,"UniMod:43,203.079373"
Farnesyl,UniMod:44,204.187801,"UniMod:44,204.187801"
Myristoyl,UniMod:45,210.198366,"UniMod:45,210.198366"
PyridoxalPhosphate,UniMod:46,229.014009,"UniMod:46,229.014009"
Palmitoyl,UniMod:47,238.229666,"UniMod:47,238.229666"
GeranylGeranyl,UniMod:48,272.250401,"UniMod:48,272.250401"
Phosphopantetheine,UniMod:49,340.085794,"UniMod:49,340.085794"
FAD,UniMod:50,783.141486,"UniMod:50,783.141486"
Tripalmitate,UniMod:51,788.725777,"UniMod:51,788.725777"
Guanidinyl,UniMod:52,42.021798,"UniMod:52,42.021798"
HNE,UniMod:53,156.11503,"UniMod:53,156.11503"
Glucuronyl,UniMod:54,176.032088,"UniMod:54,176.032088"
Glutathione,UniMod:55,305.068156,"UniMod:55,305.068156"
Acetyl:2H(3),UniMod:56,45.029395,"UniMod:56,45.029395"
Propionyl,UniMod:58,56.026215,"UniMod:58,56.026215"
Propionyl:13C(3),UniMod:59,59.036279,"UniMod:59,59.036279"
GIST-Quat,UniMod:60,127.099714,"UniMod:60,127.099714"
GIST-Quat:2H(3),UniMod:61,130.118544,"UniMod:61,130.118544"
GIST-Quat:2H(6),UniMod:62,133.137375,"UniMod:62,133.137375"
GIST-Quat:2H(9),UniMod:63,136.156205,"UniMod:63,136.156205"
Succinyl,UniMod:64,100.016044,"UniMod:64,100.016044"
Succinyl:2H(4),UniMod:65,104.041151,"UniMod:65,104.041151"
Succinyl:13C(4),UniMod:66,104.029463,"UniMod:66,104.029463"
Iminobiotin,UniMod:89,225.093583,"UniMod:89,225.093583"
ESP,UniMod:90,338.177647,"UniMod:90,338.177647"
ESP:2H(10),UniMod:91,348.240414,"UniMod:91,348.240414"
NHS-LC-Biotin,UniMod:92,339.161662,"UniMod:92,339.161662"
EDT-maleimide-PEO-biotin,UniMod:93,601.206246,"UniMod:93,601.206246"
IMID,UniMod:94,68.037448,"UniMod:94,68.037448"
IMID:2H(4),UniMod:95,72.062555,"UniMod:95,72.062555"
Propionamide:2H(3),UniMod:97,74.055944,"UniMod:97,74.055944"
ICAT-C,UniMod:105,227.126991,"UniMod:105,227.126991"
ICAT-C:13C(9),UniMod:106,236.157185,"UniMod:106,236.157185"
FormylMet,UniMod:107,159.035399,"UniMod:107,159.035399"
Nethylmaleimide,UniMod:108,125.047679,"UniMod:108,125.047679"
OxLysBiotinRed,UniMod:112,354.172562,"UniMod:112,354.172562"
OxLysBiotin,UniMod:113,352.156911,"UniMod:113,352.156911"
OxProBiotinRed,UniMod:114,371.199111,"UniMod:114,371.199111"
OxProBiotin,UniMod:115,369.183461,"UniMod:115,369.183461"
OxArgBiotin,UniMod:116,310.135113,"UniMod:116,310.135113"
OxArgBiotinRed,UniMod:117,312.150763,"UniMod:117,312.150763"
EDT-iodoacetyl-PEO-biotin,UniMod:118,490.174218,"UniMod:118,490.174218"
IBTP,UniMod:119,316.138088,"UniMod:119,316.138088"
GG,UniMod:121,114.042927,"UniMod:121,114.042927"
Formyl,UniMod:122,27.994915,"UniMod:122,27.994915"
ICAT-H,UniMod:123,345.097915,"UniMod:123,345.097915"
ICAT-H:13C(6),UniMod:124,351.118044,"UniMod:124,351.118044"
Xlink:DTSSP[88],UniMod:126,87.998285,"UniMod:126,87.998285"
Fluoro,UniMod:127,17.990578,"UniMod:127,17.990578"
Fluorescein,UniMod:128,387.074287,"UniMod:128,387.074287"
Iodo,UniMod:129,125.896648,"UniMod:129,125.896648"
Diiodo,UniMod:130,251.793296,"UniMod:130,251.793296"
Triiodo,UniMod:131,377.689944,"UniMod:131,377.689944"
Myristoleyl,UniMod:134,208.182715,"UniMod:134,208.182715"
Myristoyl+Delta:H(-4),UniMod:135,206.167065,"UniMod:135,206.167065"
Benzoyl,UniMod:136,104.026215,"UniMod:136,104.026215"
Hex(5)HexNAc(2),UniMod:137,1216.422863,"UniMod:137,1216.422863"
Dansyl,UniMod:139,233.051049,"UniMod:139,233.051049"
a-type-ion,UniMod:140,-46.005479,"UniMod:140,-46.005479"
Amidine,UniMod:141,41.026549,"UniMod:141,41.026549"
HexNAc(1)dHex(1),UniMod:142,349.137281,"UniMod:142,349.137281"
HexNAc(2),UniMod:143,406.158745,"UniMod:143,406.158745"
Hex(3),UniMod:144,486.158471,"UniMod:144,486.158471"
HexNAc(1)dHex(2),UniMod:145,495.19519,"UniMod:145,495.19519"
Hex(1)HexNAc(1)dHex(1),UniMod:146,511.190105,"UniMod:146,511.190105"
HexNAc(2)dHex(1),UniMod:147,552.216654,"UniMod:147,552.216654"
Hex(1)HexNAc(2),UniMod:148,568.211569,"UniMod:148,568.211569"
Hex(1)HexNAc(1)NeuAc(1),UniMod:149,656.227613,"UniMod:149,656.227613"
HexNAc(2)dHex(2),UniMod:150,698.274563,"UniMod:150,698.274563"
Hex(1)HexNAc(2)Pent(1),UniMod:151,700.253828,"UniMod:151,700.253828"
Hex(1)HexNAc(2)dHex(1),UniMod:152,714.269478,"UniMod:152,714.269478"
Hex(2)HexNAc(2),UniMod:153,730.264392,"UniMod:153,730.264392"
Hex(3)HexNAc(1)Pent(1),UniMod:154,821.280102,"UniMod:154,821.280102"
Hex(1)HexNAc(2)dHex(1)Pent(1),UniMod:155,846.311736,"UniMod:155,846.311736"
Hex(1)HexNAc(2)dHex(2),UniMod:156,860.327386,"UniMod:156,860.327386"
Hex(2)HexNAc(2)Pent(1),UniMod:157,862.306651,"UniMod:157,862.306651"
Hex(2)HexNAc(2)dHex(1),UniMod:158,876.322301,"UniMod:158,876.322301"
Hex(3)HexNAc(2),UniMod:159,892.317216,"UniMod:159,892.317216"
Hex(1)HexNAc(1)NeuAc(2),UniMod:160,947.323029,"UniMod:160,947.323029"
Hex(3)HexNAc(2)Phos(1),UniMod:161,972.283547,"UniMod:161,972.283547"
Delta:S(-1)Se(1),UniMod:162,47.944449,"UniMod:162,47.944449"
Delta:H(-1)N(-1)18O(1),UniMod:170,2.988261,"UniMod:170,2.988261"
NBS:13C(6),UniMod:171,159.008578,"UniMod:171,159.008578"
NBS,UniMod:172,152.988449,"UniMod:172,152.988449"
BHT,UniMod:176,218.167065,"UniMod:176,218.167065"
DAET,UniMod:178,87.050655,"UniMod:178,87.050655"
Label:13C(9),UniMod:184,9.030193,"UniMod:184,9.030193"
Label:13C(9)+Phospho,UniMod:185,88.996524,"UniMod:185,88.996524"
HPG,UniMod:186,132.021129,"UniMod:186,132.021129"
2HPG,UniMod:187,282.052824,"UniMod:187,282.052824"
Label:13C(6),UniMod:188,6.020129,"UniMod:188,6.020129"
Label:18O(2),UniMod:193,4.008491,"UniMod:193,4.008491"
AccQTag,UniMod:194,170.048013,"UniMod:194,170.048013"
QAT,UniMod:195,171.149738,"UniMod:195,171.149738"
QAT:2H(3),UniMod:196,174.168569,"UniMod:196,174.168569"
EQAT,UniMod:197,184.157563,"UniMod:197,184.157563"
EQAT:2H(5),UniMod:198,189.188947,"UniMod:198,189.188947"
Dimethyl:2H(4),UniMod:199,32.056407,"UniMod:199,32.056407"
Ethanedithiol,UniMod:200,75.980527,"UniMod:200,75.980527"
Delta:H(6)C(6)O(1),UniMod:205,94.041865,"UniMod:205,94.041865"
Delta:H(4)C(3)O(1),UniMod:206,56.026215,"UniMod:206,56.026215"
Delta:H(2)C(3),UniMod:207,38.01565,"UniMod:207,38.01565"
Delta:H(4)C(6),UniMod:208,76.0313,"UniMod:208,76.0313"
Delta:H(8)C(6)O(2),UniMod:209,112.05243,"UniMod:209,112.05243"
NEIAA,UniMod:211,85.052764,"UniMod:211,85.052764"
NEIAA:2H(5),UniMod:212,90.084148,"UniMod:212,90.084148"
ADP-Ribosyl,UniMod:213,541.06111,"UniMod:213,541.06111"
iTRAQ4plex,UniMod:214,144.102063,"UniMod:214,144.102063"
IGBP,UniMod:243,296.016039,"UniMod:243,296.016039"
Crotonaldehyde,UniMod:253,70.041865,"UniMod:253,70.041865"
Delta:H(2)C(2),UniMod:254,26.01565,"UniMod:254,26.01565"
Delta:H(4)C(2),UniMod:255,28.0313,"UniMod:255,28.0313"
Delta:H(4)C(3),UniMod:256,40.0313,"UniMod:256,40.0313"
Label:18O(1),UniMod:258,2.004246,"UniMod:258,2.004246"
Label:13C(6)15N(2),UniMod:259,8.014199,"UniMod:259,8.014199"
Thiophospho,UniMod:260,95.943487,"UniMod:260,95.943487"
SPITC,UniMod:261,214.971084,"UniMod:261,214.971084"
Label:2H(3),UniMod:262,3.01883,"UniMod:262,3.01883"
PET,UniMod:264,121.035005,"UniMod:264,121.035005"
Label:13C(6)15N(4),UniMod:267,10.008269,"UniMod:267,10.008269"
Label:13C(5)15N(1),UniMod:268,6.013809,"UniMod:268,6.013809"
Label:13C(9)15N(1),UniMod:269,10.027228,"UniMod:269,10.027228"
Cytopiloyne,UniMod:270,362.136553,"UniMod:270,362.136553"
Cytopiloyne+water,UniMod:271,380.147118,"UniMod:271,380.147118"
CAF,UniMod:272,135.983029,"UniMod:272,135.983029"
Nitrosyl,UniMod:275,28.990164,"UniMod:275,28.990164"
AEBS,UniMod:276,183.035399,"UniMod:276,183.035399"
Ethanolyl,UniMod:278,44.026215,"UniMod:278,44.026215"
Ethyl,UniMod:280,28.0313,"UniMod:280,28.0313"
CoenzymeA,UniMod:281,765.09956,"UniMod:281,765.09956"
Methyl:2H(2),UniMod:284,16.028204,"UniMod:284,16.028204"
SulfanilicAcid,UniMod:285,155.004099,"UniMod:285,155.004099"
SulfanilicAcid:13C(6),UniMod:286,161.024228,"UniMod:286,161.024228"
Trp->Oxolactone,UniMod:288,13.979265,"UniMod:288,13.979265"
Biotin-PEO-Amine,UniMod:289,356.188212,"UniMod:289,356.188212"
Biotin-HPDP,UniMod:290,428.191582,"UniMod:290,428.191582"
Delta:Hg(1),UniMod:291,201.970617,"UniMod:291,201.970617"
IodoU-AMP,UniMod:292,322.020217,"UniMod:292,322.020217"
CAMthiopropanoyl,UniMod:293,145.019749,"UniMod:293,145.019749"
IED-Biotin,UniMod:294,326.141261,"UniMod:294,326.141261"
dHex,UniMod:295,146.057909,"UniMod:295,146.057909"
Methyl:2H(3),UniMod:298,17.03448,"UniMod:298,17.03448"
Carboxy,UniMod:299,43.989829,"UniMod:299,43.989829"
Bromobimane,UniMod:301,190.074228,"UniMod:301,190.074228"
Menadione,UniMod:302,170.036779,"UniMod:302,170.036779"
DeStreak,UniMod:303,75.998285,"UniMod:303,75.998285"
dHex(1)Hex(3)HexNAc(4),UniMod:305,1444.53387,"UniMod:305,1444.53387"
dHex(1)Hex(4)HexNAc(4),UniMod:307,1606.586693,"UniMod:307,1606.586693"
dHex(1)Hex(5)HexNAc(4),UniMod:308,1768.639517,"UniMod:308,1768.639517"
Hex(3)HexNAc(4),UniMod:309,1298.475961,"UniMod:309,1298.475961"
Hex(4)HexNAc(4),UniMod:310,1460.528784,"UniMod:310,1460.528784"
Hex(5)HexNAc(4),UniMod:311,1622.581608,"UniMod:311,1622.581608"
Cysteinyl,UniMod:312,119.004099,"UniMod:312,119.004099"
Lys-loss,UniMod:313,-128.094963,"UniMod:313,-128.094963"
Nmethylmaleimide,UniMod:314,111.032028,"UniMod:314,111.032028"
DimethylpyrroleAdduct,UniMod:316,78.04695,"UniMod:316,78.04695"
Delta:H(2)C(5),UniMod:318,62.01565,"UniMod:318,62.01565"
Delta:H(2)C(3)O(1),UniMod:319,54.010565,"UniMod:319,54.010565"
Nethylmaleimide+water,UniMod:320,143.058243,"UniMod:320,143.058243"
Xlink:B10621,UniMod:323,713.093079,"UniMod:323,713.093079"
Xlink:DTBP[87],UniMod:324,87.01427,"UniMod:324,87.01427"
FP-Biotin,UniMod:325,572.316129,"UniMod:325,572.316129"
Delta:H(4)C(2)O(-1)S(1),UniMod:327,44.008456,"UniMod:327,44.008456"
Methyl:2H(3)13C(1),UniMod:329,18.037835,"UniMod:329,18.037835"
Dimethyl:2H(6)13C(2),UniMod:330,36.07567,"UniMod:330,36.07567"
Thiophos-S-S-biotin,UniMod:332,525.142894,"UniMod:332,525.142894"
Can-FP-biotin,UniMod:333,447.195679,"UniMod:333,447.195679"
HNE+Delta:H(2),UniMod:335,158.13068,"UniMod:335,158.13068"
Methylamine,UniMod:337,13.031634,"UniMod:337,13.031634"
Bromo,UniMod:340,77.910511,"UniMod:340,77.910511"
Amino,UniMod:342,15.010899,"UniMod:342,15.010899"
Argbiotinhydrazide,UniMod:343,199.066699,"UniMod:343,199.066699"
Arg->GluSA,UniMod:344,-43.053433,"UniMod:344,-43.053433"
Trioxidation,UniMod:345,47.984744,"UniMod:345,47.984744"
His->Asn,UniMod:348,-23.015984,"UniMod:348,-23.015984"
His->Asp,UniMod:349,-22.031969,"UniMod:349,-22.031969"
Trp->Hydroxykynurenin,UniMod:350,19.989829,"UniMod:350,19.989829"
Trp->Kynurenin,UniMod:351,3.994915,"UniMod:351,3.994915"
Lys->Allysine,UniMod:352,-1.031634,"UniMod:352,-1.031634"
Lysbiotinhydrazide,UniMod:353,241.088497,"UniMod:353,241.088497"
Nitro,UniMod:354,44.985078,"UniMod:354,44.985078"
probiotinhydrazide,UniMod:357,258.115047,"UniMod:357,258.115047"
Pro->pyro-Glu,UniMod:359,13.979265,"UniMod:359,13.979265"
Pro->Pyrrolidinone,UniMod:360,-30.010565,"UniMod:360,-30.010565"
Thrbiotinhydrazide,UniMod:361,240.104482,"UniMod:361,240.104482"
Diisopropylphosphate,UniMod:362,164.060231,"UniMod:362,164.060231"
Isopropylphospho,UniMod:363,122.013281,"UniMod:363,122.013281"
ICPL:13C(6),UniMod:364,111.041593,"UniMod:364,111.041593"
ICPL,UniMod:365,105.021464,"UniMod:365,105.021464"
Deamidated:18O(1),UniMod:366,2.988261,"UniMod:366,2.988261"
Cys->Dha,UniMod:368,-33.987721,"UniMod:368,-33.987721"
Pro->Pyrrolidone,UniMod:369,-27.994915,"UniMod:369,-27.994915"
HMVK,UniMod:371,86.036779,"UniMod:371,86.036779"
Arg->Orn,UniMod:372,-42.021798,"UniMod:372,-42.021798"
Dehydro,UniMod:374,-1.007825,"UniMod:374,-1.007825"
Diphthamide,UniMod:375,142.110613,"UniMod:375,142.110613"
Hydroxyfarnesyl,UniMod:376,220.182715,"UniMod:376,220.182715"
Diacylglycerol,UniMod:377,576.511761,"UniMod:377,576.511761"
Carboxyethyl,UniMod:378,72.021129,"UniMod:378,72.021129"
Hypusine,UniMod:379,87.068414,"UniMod:379,87.068414"
Retinylidene,UniMod:380,266.203451,"UniMod:380,266.203451"
Lys->AminoadipicAcid,UniMod:381,14.96328,"UniMod:381,14.96328"
Cys->PyruvicAcid,UniMod:382,-33.003705,"UniMod:382,-33.003705"
Ammonia-loss,UniMod:385,-17.026549,"UniMod:385,-17.026549"
Phycocyanobilin,UniMod:387,586.279135,"UniMod:387,586.279135"
Phycoerythrobilin,UniMod:388,588.294785,"UniMod:388,588.294785"
Phytochromobilin,UniMod:389,584.263485,"UniMod:389,584.263485"
Heme,UniMod:390,616.177295,"UniMod:390,616.177295"
Molybdopterin,UniMod:391,521.884073,"UniMod:391,521.884073"
Quinone,UniMod:392,29.974179,"UniMod:392,29.974179"
Glucosylgalactosyl,UniMod:393,340.100562,"UniMod:393,340.100562"
GPIanchor,UniMod:394,123.00853,"UniMod:394,123.00853"
PhosphoribosyldephosphoCoA,UniMod:395,881.146904,"UniMod:395,881.146904"
GlycerylPE,UniMod:396,197.04531,"UniMod:396,197.04531"
Triiodothyronine,UniMod:397,469.716159,"UniMod:397,469.716159"
Thyroxine,UniMod:398,595.612807,"UniMod:398,595.612807"
Tyr->Dha,UniMod:400,-94.041865,"UniMod:400,-94.041865"
Didehydro,UniMod:401,-2.01565,"UniMod:401,-2.01565"
Cys->Oxoalanine,UniMod:402,-17.992806,"UniMod:402,-17.992806"
Ser->LacticAcid,UniMod:403,-15.010899,"UniMod:403,-15.010899"
Phosphoadenosine,UniMod:405,329.05252,"UniMod:405,329.05252"
Hydroxycinnamyl,UniMod:407,146.036779,"UniMod:407,146.036779"
Glycosyl,UniMod:408,148.037173,"UniMod:408,148.037173"
FMNH,UniMod:409,454.088965,"UniMod:409,454.088965"
Archaeol,UniMod:410,634.662782,"UniMod:410,634.662782"
Phenylisocyanate,UniMod:411,119.037114,"UniMod:411,119.037114"
Phenylisocyanate:2H(5),UniMod:412,124.068498,"UniMod:412,124.068498"
Phosphoguanosine,UniMod:413,345.047435,"UniMod:413,345.047435"
Hydroxymethyl,UniMod:414,30.010565,"UniMod:414,30.010565"
MolybdopterinGD+Delta:S(-1)Se(1),UniMod:415,1620.930224,"UniMod:415,1620.930224"
Dipyrrolylmethanemethyl,UniMod:416,418.137616,"UniMod:416,418.137616"
PhosphoUridine,UniMod:417,306.025302,"UniMod:417,306.025302"
Glycerophospho,UniMod:419,154.00311,"UniMod:419,154.00311"
Carboxy->Thiocarboxy,UniMod:420,15.977156,"UniMod:420,15.977156"
Sulfide,UniMod:421,31.972071,"UniMod:421,31.972071"
PyruvicAcidIminyl,UniMod:422,70.005479,"UniMod:422,70.005479"
Delta:Se(1),UniMod:423,79.91652,"UniMod:423,79.91652"
MolybdopterinGD,UniMod:424,1572.985775,"UniMod:424,1572.985775"
Dioxidation,UniMod:425,31.989829,"UniMod:425,31.989829"
Octanoyl,UniMod:426,126.104465,"UniMod:426,126.104465"
PhosphoHexNAc,UniMod:428,283.045704,"UniMod:428,283.045704"
PhosphoHex,UniMod:429,242.019154,"UniMod:429,242.019154"
Palmitoleyl,UniMod:431,236.214016,"UniMod:431,236.214016"
Cholesterol,UniMod:432,368.344302,"UniMod:432,368.344302"
Didehydroretinylidene,UniMod:433,264.187801,"UniMod:433,264.187801"
CHDH,UniMod:434,294.183109,"UniMod:434,294.183109"
Methylpyrroline,UniMod:435,109.052764,"UniMod:435,109.052764"
Hydroxyheme,UniMod:436,614.161645,"UniMod:436,614.161645"
MicrocinC7,UniMod:437,386.110369,"UniMod:437,386.110369"
Cyano,UniMod:438,24.995249,"UniMod:438,24.995249"
Diironsubcluster,UniMod:439,342.786916,"UniMod:439,342.786916"
Amidino,UniMod:440,42.021798,"UniMod:440,42.021798"
FMN,UniMod:442,438.094051,"UniMod:442,438.094051"
FMNC,UniMod:443,456.104615,"UniMod:443,456.104615"
CuSMo,UniMod:444,922.834855,"UniMod:444,922.834855"
Hydroxytrimethyl,UniMod:445,59.04969,"UniMod:445,59.04969"
Deoxy,UniMod:447,-15.994915,"UniMod:447,-15.994915"
Microcin,UniMod:448,831.197041,"UniMod:448,831.197041"
Decanoyl,UniMod:449,154.135765,"UniMod:449,154.135765"
Glu,UniMod:450,129.042593,"UniMod:450,129.042593"
GluGlu,UniMod:451,258.085186,"UniMod:451,258.085186"
GluGluGlu,UniMod:452,387.127779,"UniMod:452,387.127779"
GluGluGluGlu,UniMod:453,516.170373,"UniMod:453,516.170373"
HexN,UniMod:454,161.068808,"UniMod:454,161.068808"
Xlink:DMP[154],UniMod:455,154.110613,"UniMod:455,154.110613"
NDA,UniMod:457,175.042199,"UniMod:457,175.042199"
SPITC:13C(6),UniMod:464,220.991213,"UniMod:464,220.991213"
AEC-MAEC,UniMod:472,59.019355,"UniMod:472,59.019355"
TMAB,UniMod:476,128.107539,"UniMod:476,128.107539"
TMAB:2H(9),UniMod:477,137.16403,"UniMod:477,137.16403"
FTC,UniMod:478,421.073241,"UniMod:478,421.073241"
Label:2H(4),UniMod:481,4.025107,"UniMod:481,4.025107"
DHP,UniMod:488,118.065674,"UniMod:488,118.065674"
Hep,UniMod:490,192.063388,"UniMod:490,192.063388"
BADGE,UniMod:493,340.167459,"UniMod:493,340.167459"
CyDye-Cy3,UniMod:494,672.298156,"UniMod:494,672.298156"
CyDye-Cy5,UniMod:495,684.298156,"UniMod:495,684.298156"
BHTOH,UniMod:498,234.16198,"UniMod:498,234.16198"
IGBP:13C(2),UniMod:499,298.022748,"UniMod:499,298.022748"
Nmethylmaleimide+water,UniMod:500,129.042593,"UniMod:500,129.042593"
PyMIC,UniMod:501,134.048013,"UniMod:501,134.048013"
LG-lactam-K,UniMod:503,332.19876,"UniMod:503,332.19876"
LG-Hlactam-K,UniMod:504,348.193674,"UniMod:504,348.193674"
LG-lactam-R,UniMod:505,290.176961,"UniMod:505,290.176961"
LG-Hlactam-R,UniMod:506,306.171876,"UniMod:506,306.171876"
Dimethyl:2H(4)13C(2),UniMod:510,34.063117,"UniMod:510,34.063117"
Hex(2),UniMod:512,324.105647,"UniMod:512,324.105647"
C8-QAT,UniMod:513,227.224915,"UniMod:513,227.224915"
PropylNAGthiazoline,UniMod:514,232.064354,"UniMod:514,232.064354"
FNEM,UniMod:515,427.069202,"UniMod:515,427.069202"
Diethyl,UniMod:518,56.0626,"UniMod:518,56.0626"
BisANS,UniMod:519,594.091928,"UniMod:519,594.091928"
Piperidine,UniMod:520,68.0626,"UniMod:520,68.0626"
Maleimide-PEO2-Biotin,UniMod:522,525.225719,"UniMod:522,525.225719"
Sulfo-NHS-LC-LC-Biotin,UniMod:523,452.245726,"UniMod:523,452.245726"
CLIP_TRAQ_2,UniMod:525,141.098318,"UniMod:525,141.098318"
Dethiomethyl,UniMod:526,-48.003371,"UniMod:526,-48.003371"
Methyl+Deamidated,UniMod:528,14.999666,"UniMod:528,14.999666"
Delta:H(5)C(2),UniMod:529,29.039125,"UniMod:529,29.039125"
Cation:K,UniMod:530,37.955882,"UniMod:530,37.955882"
Cation:Cu[I],UniMod:531,61.921774,"UniMod:531,61.921774"
iTRAQ4plex114,UniMod:532,144.105918,"UniMod:532,144.105918"
iTRAQ4plex115,UniMod:533,144.099599,"UniMod:533,144.099599"
Dibromo,UniMod:534,155.821022,"UniMod:534,155.821022"
LRGG,UniMod:535,383.228103,"UniMod:535,383.228103"
CLIP_TRAQ_3,UniMod:536,271.148736,"UniMod:536,271.148736"
CLIP_TRAQ_4,UniMod:537,244.101452,"UniMod:537,244.101452"
Biotin:Cayman-10141,UniMod:538,626.386577,"UniMod:538,626.386577"
Biotin:Cayman-10013,UniMod:539,660.428442,"UniMod:539,660.428442"
Ala->Ser,UniMod:540,15.994915,"UniMod:540,15.994915"
Ala->Thr,UniMod:541,30.010565,"UniMod:541,30.010565"
Ala->Asp,UniMod:542,43.989829,"UniMod:542,43.989829"
Ala->Pro,UniMod:543,26.01565,"UniMod:543,26.01565"
Ala->Gly,UniMod:544,-14.01565,"UniMod:544,-14.01565"
Ala->Glu,UniMod:545,58.005479,"UniMod:545,58.005479"
Ala->Val,UniMod:546,28.0313,"UniMod:546,28.0313"
Cys->Phe,UniMod:547,44.059229,"UniMod:547,44.059229"
Cys->Ser,UniMod:548,-15.977156,"UniMod:548,-15.977156"
Cys->Trp,UniMod:549,83.070128,"UniMod:549,83.070128"
Cys->Tyr,UniMod:550,60.054144,"UniMod:550,60.054144"
Cys->Arg,UniMod:551,53.091927,"UniMod:551,53.091927"
Cys->Gly,UniMod:552,-45.987721,"UniMod:552,-45.987721"
Asp->Ala,UniMod:553,-43.989829,"UniMod:553,-43.989829"
Asp->His,UniMod:554,22.031969,"UniMod:554,22.031969"
Asp->Asn,UniMod:555,-0.984016,"UniMod:555,-0.984016"
Asp->Gly,UniMod:556,-58.005479,"UniMod:556,-58.005479"
Asp->Tyr,UniMod:557,48.036386,"UniMod:557,48.036386"
Asp->Glu,UniMod:558,14.01565,"UniMod:558,14.01565"
Asp->Val,UniMod:559,-15.958529,"UniMod:559,-15.958529"
Glu->Ala,UniMod:560,-58.005479,"UniMod:560,-58.005479"
Glu->Gln,UniMod:561,-0.984016,"UniMod:561,-0.984016"
Glu->Asp,UniMod:562,-14.01565,"UniMod:562,-14.01565"
Glu->Lys,UniMod:563,-0.94763,"UniMod:563,-0.94763"
Glu->Gly,UniMod:564,-72.021129,"UniMod:564,-72.021129"
Glu->Val,UniMod:565,-29.974179,"UniMod:565,-29.974179"
Phe->Ser,UniMod:566,-60.036386,"UniMod:566,-60.036386"
Phe->Cys,UniMod:567,-44.059229,"UniMod:567,-44.059229"
Phe->Xle,UniMod:568,-33.98435,"UniMod:568,-33.98435"
Phe->Tyr,UniMod:569,15.994915,"UniMod:569,15.994915"
Phe->Val,UniMod:570,-48,"UniMod:570,-48"
Gly->Ala,UniMod:571,14.01565,"UniMod:571,14.01565"
Gly->Ser,UniMod:572,30.010565,"UniMod:572,30.010565"
Gly->Trp,UniMod:573,129.057849,"UniMod:573,129.057849"
Gly->Glu,UniMod:574,72.021129,"UniMod:574,72.021129"
Gly->Val,UniMod:575,42.04695,"UniMod:575,42.04695"
Gly->Asp,UniMod:576,58.005479,"UniMod:576,58.005479"
Gly->Cys,UniMod:577,45.987721,"UniMod:577,45.987721"
Gly->Arg,UniMod:578,99.079647,"UniMod:578,99.079647"
His->Pro,UniMod:580,-40.006148,"UniMod:580,-40.006148"
His->Tyr,UniMod:581,26.004417,"UniMod:581,26.004417"
His->Gln,UniMod:582,-9.000334,"UniMod:582,-9.000334"
His->Arg,UniMod:584,19.042199,"UniMod:584,19.042199"
His->Xle,UniMod:585,-23.974848,"UniMod:585,-23.974848"
Xle->Thr,UniMod:588,-12.036386,"UniMod:588,-12.036386"
Xle->Asn,UniMod:589,0.958863,"UniMod:589,0.958863"
Xle->Lys,UniMod:590,15.010899,"UniMod:590,15.010899"
Lys->Thr,UniMod:594,-27.047285,"UniMod:594,-27.047285"
Lys->Asn,UniMod:595,-14.052036,"UniMod:595,-14.052036"
Lys->Glu,UniMod:596,0.94763,"UniMod:596,0.94763"
Lys->Gln,UniMod:597,-0.036386,"UniMod:597,-0.036386"
Lys->Met,UniMod:598,2.945522,"UniMod:598,2.945522"
Lys->Arg,UniMod:599,28.006148,"UniMod:599,28.006148"
Lys->Xle,UniMod:600,-15.010899,"UniMod:600,-15.010899"
Xle->Ser,UniMod:601,-26.052036,"UniMod:601,-26.052036"
Xle->Phe,UniMod:602,33.98435,"UniMod:602,33.98435"
Xle->Trp,UniMod:603,72.995249,"UniMod:603,72.995249"
Xle->Pro,UniMod:604,-16.0313,"UniMod:604,-16.0313"
Xle->Val,UniMod:605,-14.01565,"UniMod:605,-14.01565"
Xle->His,UniMod:606,23.974848,"UniMod:606,23.974848"
Xle->Gln,UniMod:607,14.974514,"UniMod:607,14.974514"
Xle->Met,UniMod:608,17.956421,"UniMod:608,17.956421"
Xle->Arg,UniMod:609,43.017047,"UniMod:609,43.017047"
Met->Thr,UniMod:610,-29.992806,"UniMod:610,-29.992806"
Met->Arg,UniMod:611,25.060626,"UniMod:611,25.060626"
Met->Lys,UniMod:613,-2.945522,"UniMod:613,-2.945522"
Met->Xle,UniMod:614,-17.956421,"UniMod:614,-17.956421"
Met->Val,UniMod:615,-31.972071,"UniMod:615,-31.972071"
Asn->Ser,UniMod:616,-27.010899,"UniMod:616,-27.010899"
Asn->Thr,UniMod:617,-12.995249,"UniMod:617,-12.995249"
Asn->Lys,UniMod:618,14.052036,"UniMod:618,14.052036"
Asn->Tyr,UniMod:619,49.020401,"UniMod:619,49.020401"
Asn->His,UniMod:620,23.015984,"UniMod:620,23.015984"
Asn->Asp,UniMod:621,0.984016,"UniMod:621,0.984016"
Asn->Xle,UniMod:622,-0.958863,"UniMod:622,-0.958863"
Pro->Ser,UniMod:623,-10.020735,"UniMod:623,-10.020735"
Pro->Ala,UniMod:624,-26.01565,"UniMod:624,-26.01565"
Pro->His,UniMod:625,40.006148,"UniMod:625,40.006148"
Pro->Gln,UniMod:626,31.005814,"UniMod:626,31.005814"
Pro->Thr,UniMod:627,3.994915,"UniMod:627,3.994915"
Pro->Arg,UniMod:628,59.048347,"UniMod:628,59.048347"
Pro->Xle,UniMod:629,16.0313,"UniMod:629,16.0313"
Gln->Pro,UniMod:630,-31.005814,"UniMod:630,-31.005814"
Gln->Lys,UniMod:631,0.036386,"UniMod:631,0.036386"
Gln->Glu,UniMod:632,0.984016,"UniMod:632,0.984016"
Gln->His,UniMod:633,9.000334,"UniMod:633,9.000334"
Gln->Arg,UniMod:634,28.042534,"UniMod:634,28.042534"
Gln->Xle,UniMod:635,-14.974514,"UniMod:635,-14.974514"
Arg->Ser,UniMod:636,-69.069083,"UniMod:636,-69.069083"
Arg->Trp,UniMod:637,29.978202,"UniMod:637,29.978202"
Arg->Thr,UniMod:638,-55.053433,"UniMod:638,-55.053433"
Arg->Pro,UniMod:639,-59.048347,"UniMod:639,-59.048347"
Arg->Lys,UniMod:640,-28.006148,"UniMod:640,-28.006148"
Arg->His,UniMod:641,-19.042199,"UniMod:641,-19.042199"
Arg->Gln,UniMod:642,-28.042534,"UniMod:642,-28.042534"
Arg->Met,UniMod:643,-25.060626,"UniMod:643,-25.060626"
Arg->Cys,UniMod:644,-53.091927,"UniMod:644,-53.091927"
Arg->Xle,UniMod:645,-43.017047,"UniMod:645,-43.017047"
Arg->Gly,UniMod:646,-99.079647,"UniMod:646,-99.079647"
Ser->Phe,UniMod:647,60.036386,"UniMod:647,60.036386"
Ser->Ala,UniMod:648,-15.994915,"UniMod:648,-15.994915"
Ser->Trp,UniMod:649,99.047285,"UniMod:649,99.047285"
Ser->Thr,UniMod:650,14.01565,"UniMod:650,14.01565"
Ser->Asn,UniMod:651,27.010899,"UniMod:651,27.010899"
Ser->Pro,UniMod:652,10.020735,"UniMod:652,10.020735"
Ser->Tyr,UniMod:653,76.0313,"UniMod:653,76.0313"
Ser->Cys,UniMod:654,15.977156,"UniMod:654,15.977156"
Ser->Arg,UniMod:655,69.069083,"UniMod:655,69.069083"
Ser->Xle,UniMod:656,26.052036,"UniMod:656,26.052036"
Ser->Gly,UniMod:657,-30.010565,"UniMod:657,-30.010565"
Thr->Ser,UniMod:658,-14.01565,"UniMod:658,-14.01565"
Thr->Ala,UniMod:659,-30.010565,"UniMod:659,-30.010565"
Thr->Asn,UniMod:660,12.995249,"UniMod:660,12.995249"
Thr->Lys,UniMod:661,27.047285,"UniMod:661,27.047285"
Thr->Pro,UniMod:662,-3.994915,"UniMod:662,-3.994915"
Thr->Met,UniMod:663,29.992806,"UniMod:663,29.992806"
Thr->Xle,UniMod:664,12.036386,"UniMod:664,12.036386"
Thr->Arg,UniMod:665,55.053433,"UniMod:665,55.053433"
Val->Phe,UniMod:666,48,"UniMod:666,48"
Val->Ala,UniMod:667,-28.0313,"UniMod:667,-28.0313"
Val->Glu,UniMod:668,29.974179,"UniMod:668,29.974179"
Val->Met,UniMod:669,31.972071,"UniMod:669,31.972071"
Val->Asp,UniMod:670,15.958529,"UniMod:670,15.958529"
Val->Xle,UniMod:671,14.01565,"UniMod:671,14.01565"
Val->Gly,UniMod:672,-42.04695,"UniMod:672,-42.04695"
Trp->Ser,UniMod:673,-99.047285,"UniMod:673,-99.047285"
Trp->Cys,UniMod:674,-83.070128,"UniMod:674,-83.070128"
Trp->Arg,UniMod:675,-29.978202,"UniMod:675,-29.978202"
Trp->Gly,UniMod:676,-129.057849,"UniMod:676,-129.057849"
Trp->Xle,UniMod:677,-72.995249,"UniMod:677,-72.995249"
Tyr->Phe,UniMod:678,-15.994915,"UniMod:678,-15.994915"
Tyr->Ser,UniMod:679,-76.0313,"UniMod:679,-76.0313"
Tyr->Asn,UniMod:680,-49.020401,"UniMod:680,-49.020401"
Tyr->His,UniMod:681,-26.004417,"UniMod:681,-26.004417"
Tyr->Asp,UniMod:682,-48.036386,"UniMod:682,-48.036386"
Tyr->Cys,UniMod:683,-60.054144,"UniMod:683,-60.054144"
BDMAPP,UniMod:684,253.010225,"UniMod:684,253.010225"
NA-LNO2,UniMod:685,325.225309,"UniMod:685,325.225309"
NA-OA-NO2,UniMod:686,327.240959,"UniMod:686,327.240959"
ICPL:2H(4),UniMod:687,109.046571,"UniMod:687,109.046571"
Label:13C(6)15N(1),UniMod:695,7.017164,"UniMod:695,7.017164"
Label:2H(9)13C(6)15N(2),UniMod:696,17.07069,"UniMod:696,17.07069"
NIC,UniMod:697,105.021464,"UniMod:697,105.021464"
dNIC,UniMod:698,109.048119,"UniMod:698,109.048119"
HNE-Delta:H(2)O,UniMod:720,138.104465,"UniMod:720,138.104465"
4-ONE,UniMod:721,154.09938,"UniMod:721,154.09938"
O-Dimethylphosphate,UniMod:723,107.997631,"UniMod:723,107.997631"
O-Methylphosphate,UniMod:724,93.981981,"UniMod:724,93.981981"
Diethylphosphate,UniMod:725,136.028931,"UniMod:725,136.028931"
Ethylphosphate,UniMod:726,107.997631,"UniMod:726,107.997631"
O-pinacolylmethylphosphonate,UniMod:727,162.080967,"UniMod:727,162.080967"
Methylphosphonate,UniMod:728,77.987066,"UniMod:728,77.987066"
O-Isopropylmethylphosphonate,UniMod:729,120.034017,"UniMod:729,120.034017"
iTRAQ8plex,UniMod:730,304.20536,"UniMod:730,304.20536"
iTRAQ8plex:13C(6)15N(2),UniMod:731,304.19904,"UniMod:731,304.19904"
Ethanolamine,UniMod:734,43.042199,"UniMod:734,43.042199"
BEMAD_ST,UniMod:735,136.001656,"UniMod:735,136.001656"
BEMAD_C,UniMod:736,120.0245,"UniMod:736,120.0245"
TMT6plex,UniMod:737,229.162932,"UniMod:737,229.162932"
TMT2plex,UniMod:738,225.155833,"UniMod:738,225.155833"
TMT,UniMod:739,224.152478,"UniMod:739,224.152478"
ExacTagThiol,UniMod:740,972.365219,"UniMod:740,972.365219"
ExacTagAmine,UniMod:741,1046.347854,"UniMod:741,1046.347854"
4-ONE+Delta:H(-2)O(-1),UniMod:743,136.088815,"UniMod:743,136.088815"
NO_SMX_SEMD,UniMod:744,251.036462,"UniMod:744,251.036462"
NO_SMX_SIMD,UniMod:746,267.031377,"UniMod:746,267.031377"
Malonyl,UniMod:747,86.000394,"UniMod:747,86.000394"
3sulfo,UniMod:748,183.983029,"UniMod:748,183.983029"
trifluoro,UniMod:750,53.971735,"UniMod:750,53.971735"
TNBS,UniMod:751,210.986535,"UniMod:751,210.986535"
IDEnT,UniMod:762,214.990469,"UniMod:762,214.990469"
BEMAD_ST:2H(6),UniMod:763,142.039317,"UniMod:763,142.039317"
BEMAD_C:2H(6),UniMod:764,126.062161,"UniMod:764,126.062161"
Met-loss,UniMod:765,-131.040485,"UniMod:765,-131.040485"
Met-loss+Acetyl,UniMod:766,-89.02992,"UniMod:766,-89.02992"
Menadione-HQ,UniMod:767,172.05243,"UniMod:767,172.05243"
Methyl+Acetyl:2H(3),UniMod:768,59.045045,"UniMod:768,59.045045"
lapachenole,UniMod:771,240.11503,"UniMod:771,240.11503"
Label:13C(5),UniMod:772,5.016774,"UniMod:772,5.016774"
maleimide,UniMod:773,97.016378,"UniMod:773,97.016378"
Biotin-phenacyl,UniMod:774,626.263502,"UniMod:774,626.263502"
Carboxymethyl:13C(2),UniMod:775,60.012189,"UniMod:775,60.012189"
NEM:2H(5),UniMod:776,130.079062,"UniMod:776,130.079062"
AEC-MAEC:2H(4),UniMod:792,63.044462,"UniMod:792,63.044462"
Hex(1)HexNAc(1),UniMod:793,365.132196,"UniMod:793,365.132196"
Label:13C(6)+GG,UniMod:799,120.063056,"UniMod:799,120.063056"
Biotin:Thermo-21345,UniMod:800,311.166748,"UniMod:800,311.166748"
Pentylamine,UniMod:801,70.07825,"UniMod:801,70.07825"
Biotin:Thermo-21360,UniMod:811,487.246455,"UniMod:811,487.246455"
Cy3b-maleimide,UniMod:821,682.24612,"UniMod:821,682.24612"
Gly-loss+Amide,UniMod:822,-58.005479,"UniMod:822,-58.005479"
Xlink:BMOE,UniMod:824,220.048407,"UniMod:824,220.048407"
Xlink:DFDNB,UniMod:825,163.985807,"UniMod:825,163.985807"
TMPP-Ac,UniMod:827,572.181134,"UniMod:827,572.181134"
Dihydroxyimidazolidine,UniMod:830,72.021129,"UniMod:830,72.021129"
Label:2H(4)+Acetyl,UniMod:834,46.035672,"UniMod:834,46.035672"
Label:13C(6)+Acetyl,UniMod:835,48.030694,"UniMod:835,48.030694"
Label:13C(6)15N(2)+Acetyl,UniMod:836,50.024764,"UniMod:836,50.024764"
Arg->Npo,UniMod:837,80.985078,"UniMod:837,80.985078"
EQIGG,UniMod:846,484.228162,"UniMod:846,484.228162"
Arg2PG,UniMod:848,266.057909,"UniMod:848,266.057909"
cGMP,UniMod:849,343.031785,"UniMod:849,343.031785"
cGMP+RMP-loss,UniMod:851,150.041585,"UniMod:851,150.041585"
Label:2H(4)+GG,UniMod:853,118.068034,"UniMod:853,118.068034"
MG-H1,UniMod:859,54.010565,"UniMod:859,54.010565"
G-H1,UniMod:860,39.994915,"UniMod:860,39.994915"
ZGB,UniMod:861,758.380841,"UniMod:861,758.380841"
Label:13C(1)2H(3),UniMod:862,4.022185,"UniMod:862,4.022185"
Label:13C(6)15N(2)+GG,UniMod:864,122.057126,"UniMod:864,122.057126"
ICPL:13C(6)2H(4),UniMod:866,115.0667,"UniMod:866,115.0667"
QEQTGG,UniMod:876,600.250354,"UniMod:876,600.250354"
QQQTGG,UniMod:877,599.266339,"UniMod:877,599.266339"
Biotin:Thermo-21325,UniMod:884,695.310118,"UniMod:884,695.310118"
Label:13C(1)2H(3)+Oxidation,UniMod:885,20.0171,"UniMod:885,20.0171"
HydroxymethylOP,UniMod:886,108.021129,"UniMod:886,108.021129"
MDCC,UniMod:887,383.148121,"UniMod:887,383.148121"
mTRAQ,UniMod:888,140.094963,"UniMod:888,140.094963"
mTRAQ:13C(3)15N(1),UniMod:889,144.102063,"UniMod:889,144.102063"
DyLight-maleimide,UniMod:890,940.1999,"UniMod:890,940.1999"
Methyl-PEO12-Maleimide,UniMod:891,710.383719,"UniMod:891,710.383719"
CarbamidomethylDTT,UniMod:893,209.018035,"UniMod:893,209.018035"
CarboxymethylDTT,UniMod:894,210.00205,"UniMod:894,210.00205"
Biotin-PEG-PRA,UniMod:895,578.317646,"UniMod:895,578.317646"
Met->Aha,UniMod:896,-4.986324,"UniMod:896,-4.986324"
Label:15N(4),UniMod:897,3.98814,"UniMod:897,3.98814"
pyrophospho,UniMod:898,159.932662,"UniMod:898,159.932662"
Met->Hpg,UniMod:899,-21.987721,"UniMod:899,-21.987721"
4AcAllylGal,UniMod:901,372.142033,"UniMod:901,372.142033"
DimethylArsino,UniMod:902,103.960719,"UniMod:902,103.960719"
Lys->CamCys,UniMod:903,31.935685,"UniMod:903,31.935685"
Phe->CamCys,UniMod:904,12.962234,"UniMod:904,12.962234"
Leu->MetOx,UniMod:905,33.951335,"UniMod:905,33.951335"
Lys->MetOx,UniMod:906,18.940436,"UniMod:906,18.940436"
Galactosyl,UniMod:907,178.047738,"UniMod:907,178.047738"
Xlink:SMCC[321],UniMod:908,321.205242,"UniMod:908,321.205242"
Bacillosamine,UniMod:910,228.111007,"UniMod:910,228.111007"
MTSL,UniMod:911,184.07961,"UniMod:911,184.07961"
HNE-BAHAH,UniMod:912,511.319226,"UniMod:912,511.319226"
Methylmalonylation,UniMod:914,100.016044,"UniMod:914,100.016044"
Label:13C(4)15N(2)+GG,UniMod:923,120.050417,"UniMod:923,120.050417"
ethylamino,UniMod:926,27.047285,"UniMod:926,27.047285"
MercaptoEthanol,UniMod:928,60.003371,"UniMod:928,60.003371"
Ethyl+Deamidated,UniMod:931,29.015316,"UniMod:931,29.015316"
VFQQQTGG,UniMod:932,845.403166,"UniMod:932,845.403166"
VIEVYQEQTGG,UniMod:933,1203.577168,"UniMod:933,1203.577168"
AMTzHexNAc2,UniMod:934,502.202341,"UniMod:934,502.202341"
Atto495Maleimide,UniMod:935,474.250515,"UniMod:935,474.250515"
Chlorination,UniMod:936,33.961028,"UniMod:936,33.961028"
dichlorination,UniMod:937,67.922055,"UniMod:937,67.922055"
AROD,UniMod:938,820.336015,"UniMod:938,820.336015"
Cys->methylaminoAla,UniMod:939,-2.945522,"UniMod:939,-2.945522"
Cys->ethylaminoAla,UniMod:940,11.070128,"UniMod:940,11.070128"
DNPS,UniMod:941,198.981352,"UniMod:941,198.981352"
SulfoGMBS,UniMod:942,458.162391,"UniMod:942,458.162391"
DimethylamineGMBS,UniMod:943,267.158292,"UniMod:943,267.158292"
Label:15N(2)2H(9),UniMod:944,11.050561,"UniMod:944,11.050561"
LG-anhydrolactam,UniMod:946,314.188195,"UniMod:946,314.188195"
LG-pyrrole,UniMod:947,316.203845,"UniMod:947,316.203845"
LG-anhyropyrrole,UniMod:948,298.19328,"UniMod:948,298.19328"
3-deoxyglucosone,UniMod:949,144.042259,"UniMod:949,144.042259"
Cation:Li,UniMod:950,6.008178,"UniMod:950,6.008178"
Cation:Ca[II],UniMod:951,37.946941,"UniMod:951,37.946941"
Cation:Fe[II],UniMod:952,53.919289,"UniMod:952,53.919289"
Cation:Ni[II],UniMod:953,55.919696,"UniMod:953,55.919696"
Cation:Zn[II],UniMod:954,61.913495,"UniMod:954,61.913495"
Cation:Ag,UniMod:955,105.897267,"UniMod:955,105.897267"
Cation:Mg[II],UniMod:956,21.969392,"UniMod:956,21.969392"
2-succinyl,UniMod:957,116.010959,"UniMod:957,116.010959"
Propargylamine,UniMod:958,37.031634,"UniMod:958,37.031634"
Phosphopropargyl,UniMod:959,116.997965,"UniMod:959,116.997965"
SUMO2135,UniMod:960,2135.920496,"UniMod:960,2135.920496"
SUMO3549,UniMod:961,3549.536568,"UniMod:961,3549.536568"
thioacylPA,UniMod:967,159.035399,"UniMod:967,159.035399"
maleimide3,UniMod:971,969.366232,"UniMod:971,969.366232"
maleimide5,UniMod:972,1293.471879,"UniMod:972,1293.471879"
Puromycin,UniMod:973,453.212452,"UniMod:973,453.212452"
Carbofuran,UniMod:977,57.021464,"UniMod:977,57.021464"
BITC,UniMod:978,149.02992,"UniMod:978,149.02992"
PEITC,UniMod:979,163.04557,"UniMod:979,163.04557"
glucosone,UniMod:981,160.037173,"UniMod:981,160.037173"
cysTMT,UniMod:984,299.166748,"UniMod:984,299.166748"
cysTMT6plex,UniMod:985,304.177202,"UniMod:985,304.177202"
Label:13C(6)+Dimethyl,UniMod:986,34.051429,"UniMod:986,34.051429"
Label:13C(6)15N(2)+Dimethyl,UniMod:987,36.045499,"UniMod:987,36.045499"
Ammonium,UniMod:989,17.026549,"UniMod:989,17.026549"
ISD_z+2_ion,UniMod:991,-15.010899,"UniMod:991,-15.010899"
Biotin:Sigma-B1267,UniMod:993,449.17329,"UniMod:993,449.17329"
Label:15N(1),UniMod:994,0.997035,"UniMod:994,0.997035"
Label:15N(2),UniMod:995,1.99407,"UniMod:995,1.99407"
Label:15N(3),UniMod:996,2.991105,"UniMod:996,2.991105"
sulfo+amino,UniMod:997,94.967714,"UniMod:997,94.967714"
AHA-Alkyne,UniMod:1000,107.077339,"UniMod:1000,107.077339"
AHA-Alkyne-KDDDD,UniMod:1001,695.280074,"UniMod:1001,695.280074"
EGCG1,UniMod:1002,456.069261,"UniMod:1002,456.069261"
EGCG2,UniMod:1003,287.055563,"UniMod:1003,287.055563"
Label:13C(6)15N(4)+Methyl,UniMod:1004,24.023919,"UniMod:1004,24.023919"
Label:13C(6)15N(4)+Dimethyl,UniMod:1005,38.039569,"UniMod:1005,38.039569"
Label:13C(6)15N(4)+Methyl:2H(3)13C(1),UniMod:1006,28.046104,"UniMod:1006,28.046104"
Label:13C(6)15N(4)+Dimethyl:2H(6)13C(2),UniMod:1007,46.083939,"UniMod:1007,46.083939"
Cys->CamSec,UniMod:1008,104.965913,"UniMod:1008,104.965913"
Thiazolidine,UniMod:1009,12,"UniMod:1009,12"
DEDGFLYMVYASQETFG,UniMod:1010,1970.824411,"UniMod:1010,1970.824411"
Biotin:Invitrogen-M1602,UniMod:1012,523.210069,"UniMod:1012,523.210069"
glycidamide,UniMod:1014,87.032028,"UniMod:1014,87.032028"
Ahx2+Hsl,UniMod:1015,309.205242,"UniMod:1015,309.205242"
DMPO,UniMod:1017,111.068414,"UniMod:1017,111.068414"
ICDID,UniMod:1018,138.06808,"UniMod:1018,138.06808"
ICDID:2H(6),UniMod:1019,144.10574,"UniMod:1019,144.10574"
Xlink:DSS[156],UniMod:1020,156.078644,"UniMod:1020,156.078644"
Xlink:EGS[244],UniMod:1021,244.058303,"UniMod:1021,244.058303"
Xlink:DST[132],UniMod:1022,132.005873,"UniMod:1022,132.005873"
Xlink:DTSSP[192],UniMod:1023,191.991486,"UniMod:1023,191.991486"
Xlink:SMCC[237],UniMod:1024,237.100108,"UniMod:1024,237.100108"
Xlink:DMP[140],UniMod:1027,140.094963,"UniMod:1027,140.094963"
Xlink:EGS[115],UniMod:1028,115.026943,"UniMod:1028,115.026943"
Biotin:Thermo-88310,UniMod:1031,196.121178,"UniMod:1031,196.121178"
2-nitrobenzyl,UniMod:1032,135.032028,"UniMod:1032,135.032028"
Cys->SecNEM,UniMod:1033,172.992127,"UniMod:1033,172.992127"
Cys->SecNEM:2H(5),UniMod:1034,178.023511,"UniMod:1034,178.023511"
Thiadiazole,UniMod:1035,174.025169,"UniMod:1035,174.025169"
Withaferin,UniMod:1036,470.266839,"UniMod:1036,470.266839"
Biotin:Thermo-88317,UniMod:1037,443.291294,"UniMod:1037,443.291294"
TAMRA-FP,UniMod:1038,659.312423,"UniMod:1038,659.312423"
Biotin:Thermo-21901+H2O,UniMod:1039,543.236284,"UniMod:1039,543.236284"
Deoxyhypusine,UniMod:1041,71.073499,"UniMod:1041,71.073499"
Acetyldeoxyhypusine,UniMod:1042,113.084064,"UniMod:1042,113.084064"
Acetylhypusine,UniMod:1043,129.078979,"UniMod:1043,129.078979"
Ala->Cys,UniMod:1044,31.972071,"UniMod:1044,31.972071"
Ala->Phe,UniMod:1045,76.0313,"UniMod:1045,76.0313"
Ala->His,UniMod:1046,66.021798,"UniMod:1046,66.021798"
Ala->Xle,UniMod:1047,42.04695,"UniMod:1047,42.04695"
Ala->Lys,UniMod:1048,57.057849,"UniMod:1048,57.057849"
Ala->Met,UniMod:1049,60.003371,"UniMod:1049,60.003371"
Ala->Asn,UniMod:1050,43.005814,"UniMod:1050,43.005814"
Ala->Gln,UniMod:1051,57.021464,"UniMod:1051,57.021464"
Ala->Arg,UniMod:1052,85.063997,"UniMod:1052,85.063997"
Ala->Trp,UniMod:1053,115.042199,"UniMod:1053,115.042199"
Ala->Tyr,UniMod:1054,92.026215,"UniMod:1054,92.026215"
Cys->Ala,UniMod:1055,-31.972071,"UniMod:1055,-31.972071"
Cys->Asp,UniMod:1056,12.017759,"UniMod:1056,12.017759"
Cys->Glu,UniMod:1057,26.033409,"UniMod:1057,26.033409"
Cys->His,UniMod:1058,34.049727,"UniMod:1058,34.049727"
Cys->Xle,UniMod:1059,10.07488,"UniMod:1059,10.07488"
Cys->Lys,UniMod:1060,25.085779,"UniMod:1060,25.085779"
Cys->Met,UniMod:1061,28.0313,"UniMod:1061,28.0313"
Cys->Asn,UniMod:1062,11.033743,"UniMod:1062,11.033743"
Cys->Pro,UniMod:1063,-5.956421,"UniMod:1063,-5.956421"
Cys->Gln,UniMod:1064,25.049393,"UniMod:1064,25.049393"
Cys->Thr,UniMod:1065,-1.961506,"UniMod:1065,-1.961506"
Cys->Val,UniMod:1066,-3.940771,"UniMod:1066,-3.940771"
Asp->Cys,UniMod:1067,-12.017759,"UniMod:1067,-12.017759"
Asp->Phe,UniMod:1068,32.041471,"UniMod:1068,32.041471"
Asp->Xle,UniMod:1069,-1.942879,"UniMod:1069,-1.942879"
Asp->Lys,UniMod:1070,13.06802,"UniMod:1070,13.06802"
Asp->Met,UniMod:1071,16.013542,"UniMod:1071,16.013542"
Asp->Pro,UniMod:1072,-17.974179,"UniMod:1072,-17.974179"
Asp->Gln,UniMod:1073,13.031634,"UniMod:1073,13.031634"
Asp->Arg,UniMod:1074,41.074168,"UniMod:1074,41.074168"
Asp->Ser,UniMod:1075,-27.994915,"UniMod:1075,-27.994915"
Asp->Thr,UniMod:1076,-13.979265,"UniMod:1076,-13.979265"
Asp->Trp,UniMod:1077,71.05237,"UniMod:1077,71.05237"
Glu->Cys,UniMod:1078,-26.033409,"UniMod:1078,-26.033409"
Glu->Phe,UniMod:1079,18.025821,"UniMod:1079,18.025821"
Glu->His,UniMod:1080,8.016319,"UniMod:1080,8.016319"
Glu->Xle,UniMod:1081,-15.958529,"UniMod:1081,-15.958529"
Glu->Met,UniMod:1082,1.997892,"UniMod:1082,1.997892"
Glu->Asn,UniMod:1083,-14.999666,"UniMod:1083,-14.999666"
Glu->Pro,UniMod:1084,-31.989829,"UniMod:1084,-31.989829"
Glu->Arg,UniMod:1085,27.058518,"UniMod:1085,27.058518"
Glu->Ser,UniMod:1086,-42.010565,"UniMod:1086,-42.010565"
Glu->Thr,UniMod:1087,-27.994915,"UniMod:1087,-27.994915"
Glu->Trp,UniMod:1088,57.03672,"UniMod:1088,57.03672"
Glu->Tyr,UniMod:1089,34.020735,"UniMod:1089,34.020735"
Phe->Ala,UniMod:1090,-76.0313,"UniMod:1090,-76.0313"
Phe->Asp,UniMod:1091,-32.041471,"UniMod:1091,-32.041471"
Phe->Glu,UniMod:1092,-18.025821,"UniMod:1092,-18.025821"
Phe->Gly,UniMod:1093,-90.04695,"UniMod:1093,-90.04695"
Phe->His,UniMod:1094,-10.009502,"UniMod:1094,-10.009502"
Phe->Lys,UniMod:1095,-18.973451,"UniMod:1095,-18.973451"
Phe->Met,UniMod:1096,-16.027929,"UniMod:1096,-16.027929"
Phe->Asn,UniMod:1097,-33.025486,"UniMod:1097,-33.025486"
Phe->Pro,UniMod:1098,-50.01565,"UniMod:1098,-50.01565"
Phe->Gln,UniMod:1099,-19.009836,"UniMod:1099,-19.009836"
Phe->Arg,UniMod:1100,9.032697,"UniMod:1100,9.032697"
Phe->Thr,UniMod:1101,-46.020735,"UniMod:1101,-46.020735"
Phe->Trp,UniMod:1102,39.010899,"UniMod:1102,39.010899"
Gly->Phe,UniMod:1103,90.04695,"UniMod:1103,90.04695"
Gly->His,UniMod:1104,80.037448,"UniMod:1104,80.037448"
Gly->Xle,UniMod:1105,56.0626,"UniMod:1105,56.0626"
Gly->Lys,UniMod:1106,71.073499,"UniMod:1106,71.073499"
Gly->Met,UniMod:1107,74.019021,"UniMod:1107,74.019021"
Gly->Asn,UniMod:1108,57.021464,"UniMod:1108,57.021464"
Gly->Pro,UniMod:1109,40.0313,"UniMod:1109,40.0313"
Gly->Gln,UniMod:1110,71.037114,"UniMod:1110,71.037114"
Gly->Thr,UniMod:1111,44.026215,"UniMod:1111,44.026215"
Gly->Tyr,UniMod:1112,106.041865,"UniMod:1112,106.041865"
His->Ala,UniMod:1113,-66.021798,"UniMod:1113,-66.021798"
His->Cys,UniMod:1114,-34.049727,"UniMod:1114,-34.049727"
His->Glu,UniMod:1115,-8.016319,"UniMod:1115,-8.016319"
His->Phe,UniMod:1116,10.009502,"UniMod:1116,10.009502"
His->Gly,UniMod:1117,-80.037448,"UniMod:1117,-80.037448"
His->Lys,UniMod:1119,-8.963949,"UniMod:1119,-8.963949"
His->Met,UniMod:1120,-6.018427,"UniMod:1120,-6.018427"
His->Ser,UniMod:1121,-50.026883,"UniMod:1121,-50.026883"
His->Thr,UniMod:1122,-36.011233,"UniMod:1122,-36.011233"
His->Val,UniMod:1123,-37.990498,"UniMod:1123,-37.990498"
His->Trp,UniMod:1124,49.020401,"UniMod:1124,49.020401"
Xle->Ala,UniMod:1125,-42.04695,"UniMod:1125,-42.04695"
Xle->Cys,UniMod:1126,-10.07488,"UniMod:1126,-10.07488"
Xle->Asp,UniMod:1127,1.942879,"UniMod:1127,1.942879"
Xle->Glu,UniMod:1128,15.958529,"UniMod:1128,15.958529"
Xle->Gly,UniMod:1129,-56.0626,"UniMod:1129,-56.0626"
Xle->Tyr,UniMod:1130,49.979265,"UniMod:1130,49.979265"
Lys->Ala,UniMod:1131,-57.057849,"UniMod:1131,-57.057849"
Lys->Cys,UniMod:1132,-25.085779,"UniMod:1132,-25.085779"
Lys->Asp,UniMod:1133,-13.06802,"UniMod:1133,-13.06802"
Lys->Phe,UniMod:1134,18.973451,"UniMod:1134,18.973451"
Lys->Gly,UniMod:1135,-71.073499,"UniMod:1135,-71.073499"
Lys->His,UniMod:1136,8.963949,"UniMod:1136,8.963949"
Lys->Pro,UniMod:1137,-31.042199,"UniMod:1137,-31.042199"
Lys->Ser,UniMod:1138,-41.062935,"UniMod:1138,-41.062935"
Lys->Val,UniMod:1139,-29.026549,"UniMod:1139,-29.026549"
Lys->Trp,UniMod:1140,57.98435,"UniMod:1140,57.98435"
Lys->Tyr,UniMod:1141,34.968366,"UniMod:1141,34.968366"
Met->Ala,UniMod:1142,-60.003371,"UniMod:1142,-60.003371"
Met->Cys,UniMod:1143,-28.0313,"UniMod:1143,-28.0313"
Met->Asp,UniMod:1144,-16.013542,"UniMod:1144,-16.013542"
Met->Glu,UniMod:1145,-1.997892,"UniMod:1145,-1.997892"
Met->Phe,UniMod:1146,16.027929,"UniMod:1146,16.027929"
Met->Gly,UniMod:1147,-74.019021,"UniMod:1147,-74.019021"
Met->His,UniMod:1148,6.018427,"UniMod:1148,6.018427"
Met->Asn,UniMod:1149,-16.997557,"UniMod:1149,-16.997557"
Met->Pro,UniMod:1150,-33.987721,"UniMod:1150,-33.987721"
Met->Gln,UniMod:1151,-2.981907,"UniMod:1151,-2.981907"
Met->Ser,UniMod:1152,-44.008456,"UniMod:1152,-44.008456"
Met->Trp,UniMod:1153,55.038828,"UniMod:1153,55.038828"
Met->Tyr,UniMod:1154,32.022844,"UniMod:1154,32.022844"
Asn->Ala,UniMod:1155,-43.005814,"UniMod:1155,-43.005814"
Asn->Cys,UniMod:1156,-11.033743,"UniMod:1156,-11.033743"
Asn->Glu,UniMod:1157,14.999666,"UniMod:1157,14.999666"
Asn->Phe,UniMod:1158,33.025486,"UniMod:1158,33.025486"
Asn->Gly,UniMod:1159,-57.021464,"UniMod:1159,-57.021464"
Asn->Met,UniMod:1160,16.997557,"UniMod:1160,16.997557"
Asn->Pro,UniMod:1161,-16.990164,"UniMod:1161,-16.990164"
Asn->Gln,UniMod:1162,14.01565,"UniMod:1162,14.01565"
Asn->Arg,UniMod:1163,42.058184,"UniMod:1163,42.058184"
Asn->Val,UniMod:1164,-14.974514,"UniMod:1164,-14.974514"
Asn->Trp,UniMod:1165,72.036386,"UniMod:1165,72.036386"
Pro->Cys,UniMod:1166,5.956421,"UniMod:1166,5.956421"
Pro->Asp,UniMod:1167,17.974179,"UniMod:1167,17.974179"
Pro->Glu,UniMod:1168,31.989829,"UniMod:1168,31.989829"
Pro->Phe,UniMod:1169,50.01565,"UniMod:1169,50.01565"
Pro->Gly,UniMod:1170,-40.0313,"UniMod:1170,-40.0313"
Pro->Lys,UniMod:1171,31.042199,"UniMod:1171,31.042199"
Pro->Met,UniMod:1172,33.987721,"UniMod:1172,33.987721"
Pro->Asn,UniMod:1173,16.990164,"UniMod:1173,16.990164"
Pro->Val,UniMod:1174,2.01565,"UniMod:1174,2.01565"
Pro->Trp,UniMod:1175,89.026549,"UniMod:1175,89.026549"
Pro->Tyr,UniMod:1176,66.010565,"UniMod:1176,66.010565"
Gln->Ala,UniMod:1177,-57.021464,"UniMod:1177,-57.021464"
Gln->Cys,UniMod:1178,-25.049393,"UniMod:1178,-25.049393"
Gln->Asp,UniMod:1179,-13.031634,"UniMod:1179,-13.031634"
Gln->Phe,UniMod:1180,19.009836,"UniMod:1180,19.009836"
Gln->Gly,UniMod:1181,-71.037114,"UniMod:1181,-71.037114"
Gln->Met,UniMod:1182,2.981907,"UniMod:1182,2.981907"
Gln->Asn,UniMod:1183,-14.01565,"UniMod:1183,-14.01565"
Gln->Ser,UniMod:1184,-41.026549,"UniMod:1184,-41.026549"
Gln->Thr,UniMod:1185,-27.010899,"UniMod:1185,-27.010899"
Gln->Val,UniMod:1186,-28.990164,"UniMod:1186,-28.990164"
Gln->Trp,UniMod:1187,58.020735,"UniMod:1187,58.020735"
Gln->Tyr,UniMod:1188,35.004751,"UniMod:1188,35.004751"
Arg->Ala,UniMod:1189,-85.063997,"UniMod:1189,-85.063997"
Arg->Asp,UniMod:1190,-41.074168,"UniMod:1190,-41.074168"
Arg->Glu,UniMod:1191,-27.058518,"UniMod:1191,-27.058518"
Arg->Asn,UniMod:1192,-42.058184,"UniMod:1192,-42.058184"
Arg->Val,UniMod:1193,-57.032697,"UniMod:1193,-57.032697"
Arg->Tyr,UniMod:1194,6.962218,"UniMod:1194,6.962218"
Arg->Phe,UniMod:1195,-9.032697,"UniMod:1195,-9.032697"
Ser->Asp,UniMod:1196,27.994915,"UniMod:1196,27.994915"
Ser->Glu,UniMod:1197,42.010565,"UniMod:1197,42.010565"
Ser->His,UniMod:1198,50.026883,"UniMod:1198,50.026883"
Ser->Lys,UniMod:1199,41.062935,"UniMod:1199,41.062935"
Ser->Met,UniMod:1200,44.008456,"UniMod:1200,44.008456"
Ser->Gln,UniMod:1201,41.026549,"UniMod:1201,41.026549"
Ser->Val,UniMod:1202,12.036386,"UniMod:1202,12.036386"
Thr->Cys,UniMod:1203,1.961506,"UniMod:1203,1.961506"
Thr->Asp,UniMod:1204,13.979265,"UniMod:1204,13.979265"
Thr->Glu,UniMod:1205,27.994915,"UniMod:1205,27.994915"
Thr->Phe,UniMod:1206,46.020735,"UniMod:1206,46.020735"
Thr->Gly,UniMod:1207,-44.026215,"UniMod:1207,-44.026215"
Thr->His,UniMod:1208,36.011233,"UniMod:1208,36.011233"
Thr->Gln,UniMod:1209,27.010899,"UniMod:1209,27.010899"
Thr->Val,UniMod:1210,-1.979265,"UniMod:1210,-1.979265"
Thr->Trp,UniMod:1211,85.031634,"UniMod:1211,85.031634"
Thr->Tyr,UniMod:1212,62.01565,"UniMod:1212,62.01565"
Val->Cys,UniMod:1213,3.940771,"UniMod:1213,3.940771"
Val->His,UniMod:1214,37.990498,"UniMod:1214,37.990498"
Val->Lys,UniMod:1215,29.026549,"UniMod:1215,29.026549"
Val->Asn,UniMod:1216,14.974514,"UniMod:1216,14.974514"
Val->Pro,UniMod:1217,-2.01565,"UniMod:1217,-2.01565"
Val->Gln,UniMod:1218,28.990164,"UniMod:1218,28.990164"
Val->Arg,UniMod:1219,57.032697,"UniMod:1219,57.032697"
Val->Ser,UniMod:1220,-12.036386,"UniMod:1220,-12.036386"
Val->Thr,UniMod:1221,1.979265,"UniMod:1221,1.979265"
Val->Trp,UniMod:1222,87.010899,"UniMod:1222,87.010899"
Val->Tyr,UniMod:1223,63.994915,"UniMod:1223,63.994915"
Trp->Ala,UniMod:1224,-115.042199,"UniMod:1224,-115.042199"
Trp->Asp,UniMod:1225,-71.05237,"UniMod:1225,-71.05237"
Trp->Glu,UniMod:1226,-57.03672,"UniMod:1226,-57.03672"
Trp->Phe,UniMod:1227,-39.010899,"UniMod:1227,-39.010899"
Trp->His,UniMod:1228,-49.020401,"UniMod:1228,-49.020401"
Trp->Lys,UniMod:1229,-57.98435,"UniMod:1229,-57.98435"
Trp->Met,UniMod:1230,-55.038828,"UniMod:1230,-55.038828"
Trp->Asn,UniMod:1231,-72.036386,"UniMod:1231,-72.036386"
Trp->Pro,UniMod:1232,-89.026549,"UniMod:1232,-89.026549"
Trp->Gln,UniMod:1233,-58.020735,"UniMod:1233,-58.020735"
Trp->Thr,UniMod:1234,-85.031634,"UniMod:1234,-85.031634"
Trp->Val,UniMod:1235,-87.010899,"UniMod:1235,-87.010899"
Trp->Tyr,UniMod:1236,-23.015984,"UniMod:1236,-23.015984"
Tyr->Ala,UniMod:1237,-92.026215,"UniMod:1237,-92.026215"
Tyr->Glu,UniMod:1238,-34.020735,"UniMod:1238,-34.020735"
Tyr->Gly,UniMod:1239,-106.041865,"UniMod:1239,-106.041865"
Tyr->Lys,UniMod:1240,-34.968366,"UniMod:1240,-34.968366"
Tyr->Met,UniMod:1241,-32.022844,"UniMod:1241,-32.022844"
Tyr->Pro,UniMod:1242,-66.010565,"UniMod:1242,-66.010565"
Tyr->Gln,UniMod:1243,-35.004751,"UniMod:1243,-35.004751"
Tyr->Arg,UniMod:1244,-6.962218,"UniMod:1244,-6.962218"
Tyr->Thr,UniMod:1245,-62.01565,"UniMod:1245,-62.01565"
Tyr->Val,UniMod:1246,-63.994915,"UniMod:1246,-63.994915"
Tyr->Trp,UniMod:1247,23.015984,"UniMod:1247,23.015984"
Tyr->Xle,UniMod:1248,-49.979265,"UniMod:1248,-49.979265"
AHA-SS,UniMod:1249,195.075625,"UniMod:1249,195.075625"
AHA-SS_CAM,UniMod:1250,252.097088,"UniMod:1250,252.097088"
Biotin:Thermo-33033,UniMod:1251,548.223945,"UniMod:1251,548.223945"
Biotin:Thermo-33033-H,UniMod:1252,546.208295,"UniMod:1252,546.208295"
2-monomethylsuccinyl,UniMod:1253,130.026609,"UniMod:1253,130.026609"
Saligenin,UniMod:1254,106.041865,"UniMod:1254,106.041865"
Cresylphosphate,UniMod:1255,170.013281,"UniMod:1255,170.013281"
CresylSaligeninPhosphate,UniMod:1256,276.055146,"UniMod:1256,276.055146"
Ub-Br2,UniMod:1257,100.063663,"UniMod:1257,100.063663"
Ub-VME,UniMod:1258,172.084792,"UniMod:1258,172.084792"
Ub-fluorescein,UniMod:1261,597.209772,"UniMod:1261,597.209772"
2-dimethylsuccinyl,UniMod:1262,144.042259,"UniMod:1262,144.042259"
Gly,UniMod:1263,57.021464,"UniMod:1263,57.021464"
pupylation,UniMod:1264,243.085521,"UniMod:1264,243.085521"
Label:13C(4),UniMod:1266,4.013419,"UniMod:1266,4.013419"
Label:13C(4)+Oxidation,UniMod:1267,20.008334,"UniMod:1267,20.008334"
HCysThiolactone,UniMod:1270,117.024835,"UniMod:1270,117.024835"
HCysteinyl,UniMod:1271,133.019749,"UniMod:1271,133.019749"
UgiJoullie,UniMod:1276,1106.48935,"UniMod:1276,1106.48935"
Dipyridyl,UniMod:1277,225.090212,"UniMod:1277,225.090212"
Furan,UniMod:1278,66.010565,"UniMod:1278,66.010565"
Difuran,UniMod:1279,132.021129,"UniMod:1279,132.021129"
BMP-piperidinol,UniMod:1281,263.131014,"UniMod:1281,263.131014"
UgiJoullieProGly,UniMod:1282,154.074228,"UniMod:1282,154.074228"
UgiJoullieProGlyProGly,UniMod:1283,308.148455,"UniMod:1283,308.148455"
IMEHex(2)NeuAc(1),UniMod:1286,688.199683,"UniMod:1286,688.199683"
Arg-loss,UniMod:1287,-156.101111,"UniMod:1287,-156.101111"
Arg,UniMod:1288,156.101111,"UniMod:1288,156.101111"
Butyryl,UniMod:1289,70.041865,"UniMod:1289,70.041865"
Dicarbamidomethyl,UniMod:1290,114.042927,"UniMod:1290,114.042927"
Dimethyl:2H(6),UniMod:1291,34.068961,"UniMod:1291,34.068961"
GGQ,UniMod:1292,242.101505,"UniMod:1292,242.101505"
QTGG,UniMod:1293,343.149184,"UniMod:1293,343.149184"
Label:13C(3),UniMod:1296,3.010064,"UniMod:1296,3.010064"
Label:13C(3)15N(1),UniMod:1297,4.007099,"UniMod:1297,4.007099"
Label:13C(4)15N(1),UniMod:1298,5.010454,"UniMod:1298,5.010454"
Label:2H(10),UniMod:1299,10.062767,"UniMod:1299,10.062767"
Label:2H(4)13C(1),UniMod:1300,5.028462,"UniMod:1300,5.028462"
Lys,UniMod:1301,128.094963,"UniMod:1301,128.094963"
mTRAQ:13C(6)15N(2),UniMod:1302,148.109162,"UniMod:1302,148.109162"
NeuAc,UniMod:1303,291.095417,"UniMod:1303,291.095417"
NeuGc,UniMod:1304,307.090331,"UniMod:1304,307.090331"
Propyl,UniMod:1305,42.04695,"UniMod:1305,42.04695"
Propyl:2H(6),UniMod:1306,48.084611,"UniMod:1306,48.084611"
Propiophenone,UniMod:1310,132.057515,"UniMod:1310,132.057515"
Delta:H(6)C(3)O(1),UniMod:1312,58.041865,"UniMod:1312,58.041865"
Delta:H(8)C(6)O(1),UniMod:1313,96.057515,"UniMod:1313,96.057515"
biotinAcrolein298,UniMod:1314,298.146347,"UniMod:1314,298.146347"
MM-diphenylpentanone,UniMod:1315,265.146664,"UniMod:1315,265.146664"
EHD-diphenylpentanone,UniMod:1317,266.13068,"UniMod:1317,266.13068"
Biotin:Thermo-21901+2H2O,UniMod:1320,561.246849,"UniMod:1320,561.246849"
DiLeu4plex115,UniMod:1321,145.12,"UniMod:1321,145.12"
DiLeu4plex,UniMod:1322,145.132163,"UniMod:1322,145.132163"
DiLeu4plex117,UniMod:1323,145.128307,"UniMod:1323,145.128307"
DiLeu4plex118,UniMod:1324,145.140471,"UniMod:1324,145.140471"
NEMsulfur,UniMod:1326,157.019749,"UniMod:1326,157.019749"
SulfurDioxide,UniMod:1327,63.9619,"UniMod:1327,63.9619"
NEMsulfurWater,UniMod:1328,175.030314,"UniMod:1328,175.030314"
bisANS-sulfonates,UniMod:1330,434.178299,"UniMod:1330,434.178299"
DNCB_hapten,UniMod:1331,166.001457,"UniMod:1331,166.001457"
Biotin:Thermo-21911,UniMod:1340,921.461652,"UniMod:1340,921.461652"
iodoTMT,UniMod:1341,324.216141,"UniMod:1341,324.216141"
iodoTMT6plex,UniMod:1342,329.226595,"UniMod:1342,329.226595"
Phosphogluconoylation,UniMod:1344,258.014069,"UniMod:1344,258.014069"
PS_Hapten,UniMod:1345,120.021129,"UniMod:1345,120.021129"
Cy3-maleimide,UniMod:1348,753.262796,"UniMod:1348,753.262796"
benzylguanidine,UniMod:1349,132.068748,"UniMod:1349,132.068748"
CarboxymethylDMAP,UniMod:1350,162.079313,"UniMod:1350,162.079313"
azole,UniMod:1355,-20.026215,"UniMod:1355,-20.026215"
phosphoRibosyl,UniMod:1356,212.00859,"UniMod:1356,212.00859"
NEM:2H(5)+H2O,UniMod:1358,148.089627,"UniMod:1358,148.089627"
Crotonyl,UniMod:1363,68.026215,"UniMod:1363,68.026215"
O-Et-N-diMePhospho,UniMod:1364,135.044916,"UniMod:1364,135.044916"
N-dimethylphosphate,UniMod:1365,107.013615,"UniMod:1365,107.013615"
dHex(1)Hex(1),UniMod:1367,308.110732,"UniMod:1367,308.110732"
Methyl:2H(3)+Acetyl:2H(3),UniMod:1368,62.063875,"UniMod:1368,62.063875"
Label:2H(3)+Oxidation,UniMod:1370,19.013745,"UniMod:1370,19.013745"
Trimethyl:2H(9),UniMod:1371,51.103441,"UniMod:1371,51.103441"
Acetyl:13C(2),UniMod:1372,44.017274,"UniMod:1372,44.017274"
dHex(1)Hex(2),UniMod:1375,470.163556,"UniMod:1375,470.163556"
dHex(1)Hex(3),UniMod:1376,632.216379,"UniMod:1376,632.216379"
dHex(1)Hex(4),UniMod:1377,794.269203,"UniMod:1377,794.269203"
dHex(1)Hex(5),UniMod:1378,956.322026,"UniMod:1378,956.322026"
dHex(1)Hex(6),UniMod:1379,1118.37485,"UniMod:1379,1118.37485"
methylsulfonylethyl,UniMod:1380,106.00885,"UniMod:1380,106.00885"
ethylsulfonylethyl,UniMod:1381,120.0245,"UniMod:1381,120.0245"
phenylsulfonylethyl,UniMod:1382,168.0245,"UniMod:1382,168.0245"
PyridoxalPhosphateH2,UniMod:1383,231.02966,"UniMod:1383,231.02966"
Homocysteic_acid,UniMod:1384,33.969094,"UniMod:1384,33.969094"
Hydroxamic_acid,UniMod:1385,15.010899,"UniMod:1385,15.010899"
3-phosphoglyceryl,UniMod:1387,167.982375,"UniMod:1387,167.982375"
HN2_mustard,UniMod:1388,101.084064,"UniMod:1388,101.084064"
HN3_mustard,UniMod:1389,131.094629,"UniMod:1389,131.094629"
Oxidation+NEM,UniMod:1390,141.042593,"UniMod:1390,141.042593"
NHS-fluorescein,UniMod:1391,471.131802,"UniMod:1391,471.131802"
DiART6plex,UniMod:1392,217.162932,"UniMod:1392,217.162932"
DiART6plex115,UniMod:1393,217.156612,"UniMod:1393,217.156612"
DiART6plex116/119,UniMod:1394,217.168776,"UniMod:1394,217.168776"
DiART6plex117,UniMod:1395,217.162456,"UniMod:1395,217.162456"
DiART6plex118,UniMod:1396,217.175096,"UniMod:1396,217.175096"
Iodoacetanilide,UniMod:1397,133.052764,"UniMod:1397,133.052764"
Iodoacetanilide:13C(6),UniMod:1398,139.072893,"UniMod:1398,139.072893"
Dap-DSP,UniMod:1399,364.076278,"UniMod:1399,364.076278"
MurNAc,UniMod:1400,275.100502,"UniMod:1400,275.100502"
Label:2H(7)15N(4),UniMod:1402,11.032077,"UniMod:1402,11.032077"
Label:2H(6)15N(1),UniMod:1403,7.034695,"UniMod:1403,7.034695"
EEEDVIEVYQEQTGG,UniMod:1405,1705.73189,"UniMod:1405,1705.73189"
EDEDTIDVFQQQTGG,UniMod:1406,1662.700924,"UniMod:1406,1662.700924"
Hex(5)HexNAc(4)NeuAc(2),UniMod:1408,2204.772441,"UniMod:1408,2204.772441"
Hex(5)HexNAc(4)NeuAc(1),UniMod:1409,1913.677025,"UniMod:1409,1913.677025"
dHex(1)Hex(5)HexNAc(4)NeuAc(1),UniMod:1410,2059.734933,"UniMod:1410,2059.734933"
dHex(1)Hex(5)HexNAc(4)NeuAc(2),UniMod:1411,2350.83035,"UniMod:1411,2350.83035"
s-GlcNAc,UniMod:1412,283.036187,"UniMod:1412,283.036187"
PhosphoHex(2),UniMod:1413,404.071978,"UniMod:1413,404.071978"
Trimethyl:13C(3)2H(9),UniMod:1414,54.113505,"UniMod:1414,54.113505"
15N-oxobutanoic,UniMod:1419,-18.023584,"UniMod:1419,-18.023584"
spermine,UniMod:1420,185.189198,"UniMod:1420,185.189198"
spermidine,UniMod:1421,128.131349,"UniMod:1421,128.131349"
Biotin:Thermo-21330,UniMod:1423,473.219571,"UniMod:1423,473.219571"
Pentose,UniMod:1425,132.042259,"UniMod:1425,132.042259"
Hex(1)Pent(1),UniMod:1426,294.095082,"UniMod:1426,294.095082"
Hex(1)HexA(1),UniMod:1427,338.084912,"UniMod:1427,338.084912"
Hex(1)Pent(2),UniMod:1428,426.137341,"UniMod:1428,426.137341"
Hex(1)HexNAc(1)Phos(1),UniMod:1429,445.098527,"UniMod:1429,445.098527"
Hex(1)HexNAc(1)Sulf(1),UniMod:1430,445.089011,"UniMod:1430,445.089011"
Hex(1)NeuAc(1),UniMod:1431,453.14824,"UniMod:1431,453.14824"
Hex(1)NeuGc(1),UniMod:1432,469.143155,"UniMod:1432,469.143155"
HexNAc(3),UniMod:1433,609.238118,"UniMod:1433,609.238118"
HexNAc(1)NeuAc(1),UniMod:1434,494.174789,"UniMod:1434,494.174789"
HexNAc(1)NeuGc(1),UniMod:1435,510.169704,"UniMod:1435,510.169704"
Hex(1)HexNAc(1)dHex(1)Me(1),UniMod:1436,525.205755,"UniMod:1436,525.205755"
Hex(1)HexNAc(1)dHex(1)Me(2),UniMod:1437,539.221405,"UniMod:1437,539.221405"
Hex(2)HexNAc(1),UniMod:1438,527.18502,"UniMod:1438,527.18502"
Hex(1)HexA(1)HexNAc(1),UniMod:1439,541.164284,"UniMod:1439,541.164284"
Hex(2)HexNAc(1)Me(1),UniMod:1440,541.20067,"UniMod:1440,541.20067"
Hex(1)Pent(3),UniMod:1441,558.1796,"UniMod:1441,558.1796"
Hex(1)NeuAc(1)Pent(1),UniMod:1442,585.190499,"UniMod:1442,585.190499"
Hex(2)HexNAc(1)Sulf(1),UniMod:1443,607.141834,"UniMod:1443,607.141834"
Hex(2)NeuAc(1),UniMod:1444,615.201064,"UniMod:1444,615.201064"
dHex(2)Hex(2),UniMod:1445,616.221465,"UniMod:1445,616.221465"
dHex(1)Hex(2)HexA(1),UniMod:1446,646.195644,"UniMod:1446,646.195644"
Hex(1)HexNAc(2)Sulf(1),UniMod:1447,648.168383,"UniMod:1447,648.168383"
Hex(4),UniMod:1448,648.211294,"UniMod:1448,648.211294"
dHex(1)Hex(2)HexNAc(2)Pent(1),UniMod:1449,1008.36456,"UniMod:1449,1008.36456"
Hex(2)HexNAc(2)NeuAc(1),UniMod:1450,1021.359809,"UniMod:1450,1021.359809"
Hex(3)HexNAc(2)Pent(1),UniMod:1451,1024.359475,"UniMod:1451,1024.359475"
Hex(4)HexNAc(2),UniMod:1452,1054.370039,"UniMod:1452,1054.370039"
dHex(1)Hex(4)HexNAc(1)Pent(1),UniMod:1453,1129.390834,"UniMod:1453,1129.390834"
dHex(1)Hex(3)HexNAc(2)Pent(1),UniMod:1454,1170.417383,"UniMod:1454,1170.417383"
Hex(3)HexNAc(2)NeuAc(1),UniMod:1455,1183.412632,"UniMod:1455,1183.412632"
Hex(4)HexNAc(2)Pent(1),UniMod:1456,1186.412298,"UniMod:1456,1186.412298"
Hex(3)HexNAc(3)Pent(1),UniMod:1457,1227.438847,"UniMod:1457,1227.438847"
Hex(5)HexNAc(2)Phos(1),UniMod:1458,1296.389194,"UniMod:1458,1296.389194"
dHex(1)Hex(4)HexNAc(2)Pent(1),UniMod:1459,1332.470207,"UniMod:1459,1332.470207"
Hex(7)HexNAc(1),UniMod:1460,1337.449137,"UniMod:1460,1337.449137"
Hex(4)HexNAc(2)NeuAc(1),UniMod:1461,1345.465456,"UniMod:1461,1345.465456"
dHex(1)Hex(5)HexNAc(2),UniMod:1462,1362.480772,"UniMod:1462,1362.480772"
dHex(1)Hex(3)HexNAc(3)Pent(1),UniMod:1463,1373.496756,"UniMod:1463,1373.496756"
Hex(3)HexNAc(4)Sulf(1),UniMod:1464,1378.432776,"UniMod:1464,1378.432776"
Hex(6)HexNAc(2),UniMod:1465,1378.475686,"UniMod:1465,1378.475686"
Hex(4)HexNAc(3)Pent(1),UniMod:1466,1389.491671,"UniMod:1466,1389.491671"
dHex(1)Hex(4)HexNAc(3),UniMod:1467,1403.507321,"UniMod:1467,1403.507321"
Hex(5)HexNAc(3),UniMod:1468,1419.502235,"UniMod:1468,1419.502235"
Hex(3)HexNAc(4)Pent(1),UniMod:1469,1430.51822,"UniMod:1469,1430.51822"
Hex(6)HexNAc(2)Phos(1),UniMod:1470,1458.442017,"UniMod:1470,1458.442017"
dHex(1)Hex(4)HexNAc(3)Sulf(1),UniMod:1471,1483.464135,"UniMod:1471,1483.464135"
dHex(1)Hex(5)HexNAc(2)Pent(1),UniMod:1472,1494.52303,"UniMod:1472,1494.52303"
Hex(8)HexNAc(1),UniMod:1473,1499.501961,"UniMod:1473,1499.501961"
dHex(1)Hex(3)HexNAc(3)Pent(2),UniMod:1474,1505.539015,"UniMod:1474,1505.539015"
dHex(2)Hex(3)HexNAc(3)Pent(1),UniMod:1475,1519.554665,"UniMod:1475,1519.554665"
dHex(1)Hex(3)HexNAc(4)Sulf(1),UniMod:1476,1524.490684,"UniMod:1476,1524.490684"
dHex(1)Hex(6)HexNAc(2),UniMod:1477,1524.533595,"UniMod:1477,1524.533595"
dHex(1)Hex(4)HexNAc(3)Pent(1),UniMod:1478,1535.549579,"UniMod:1478,1535.549579"
Hex(4)HexNAc(4)Sulf(1),UniMod:1479,1540.485599,"UniMod:1479,1540.485599"
Hex(7)HexNAc(2),UniMod:1480,1540.52851,"UniMod:1480,1540.52851"
dHex(2)Hex(4)HexNAc(3),UniMod:1481,1549.56523,"UniMod:1481,1549.56523"
Hex(5)HexNAc(3)Pent(1),UniMod:1482,1551.544494,"UniMod:1482,1551.544494"
Hex(4)HexNAc(3)NeuGc(1),UniMod:1483,1564.539743,"UniMod:1483,1564.539743"
dHex(1)Hex(5)HexNAc(3),UniMod:1484,1565.560144,"UniMod:1484,1565.560144"
dHex(1)Hex(3)HexNAc(4)Pent(1),UniMod:1485,1576.576129,"UniMod:1485,1576.576129"
Hex(3)HexNAc(5)Sulf(1),UniMod:1486,1581.512148,"UniMod:1486,1581.512148"
Hex(6)HexNAc(3),UniMod:1487,1581.555059,"UniMod:1487,1581.555059"
Hex(3)HexNAc(4)NeuAc(1),UniMod:1488,1589.571378,"UniMod:1488,1589.571378"
Hex(4)HexNAc(4)Pent(1),UniMod:1489,1592.571043,"UniMod:1489,1592.571043"
Hex(7)HexNAc(2)Phos(1),UniMod:1490,1620.494841,"UniMod:1490,1620.494841"
Hex(4)HexNAc(4)Me(2)Pent(1),UniMod:1491,1620.602343,"UniMod:1491,1620.602343"
dHex(1)Hex(3)HexNAc(3)Pent(3),UniMod:1492,1637.581274,"UniMod:1492,1637.581274"
dHex(1)Hex(5)HexNAc(3)Sulf(1),UniMod:1493,1645.516959,"UniMod:1493,1645.516959"
dHex(2)Hex(3)HexNAc(3)Pent(2),UniMod:1494,1651.596924,"UniMod:1494,1651.596924"
Hex(6)HexNAc(3)Phos(1),UniMod:1495,1661.52139,"UniMod:1495,1661.52139"
Hex(4)HexNAc(5),UniMod:1496,1663.608157,"UniMod:1496,1663.608157"
dHex(3)Hex(3)HexNAc(3)Pent(1),UniMod:1497,1665.612574,"UniMod:1497,1665.612574"
dHex(2)Hex(4)HexNAc(3)Pent(1),UniMod:1498,1681.607488,"UniMod:1498,1681.607488"
dHex(1)Hex(4)HexNAc(4)Sulf(1),UniMod:1499,1686.543508,"UniMod:1499,1686.543508"
dHex(1)Hex(7)HexNAc(2),UniMod:1500,1686.586419,"UniMod:1500,1686.586419"
dHex(1)Hex(4)HexNAc(3)NeuAc(1),UniMod:1501,1694.602737,"UniMod:1501,1694.602737"
Hex(7)HexNAc(2)Phos(2),UniMod:1502,1700.461172,"UniMod:1502,1700.461172"
Hex(5)HexNAc(4)Sulf(1),UniMod:1503,1702.538423,"UniMod:1503,1702.538423"
Hex(8)HexNAc(2),UniMod:1504,1702.581333,"UniMod:1504,1702.581333"
dHex(1)Hex(3)HexNAc(4)Pent(2),UniMod:1505,1708.618387,"UniMod:1505,1708.618387"
dHex(1)Hex(4)HexNAc(3)NeuGc(1),UniMod:1506,1710.597652,"UniMod:1506,1710.597652"
dHex(2)Hex(3)HexNAc(4)Pent(1),UniMod:1507,1722.634037,"UniMod:1507,1722.634037"
dHex(1)Hex(3)HexNAc(5)Sulf(1),UniMod:1508,1727.570057,"UniMod:1508,1727.570057"
dHex(1)Hex(6)HexNAc(3),UniMod:1509,1727.612968,"UniMod:1509,1727.612968"
dHex(1)Hex(3)HexNAc(4)NeuAc(1),UniMod:1510,1735.629286,"UniMod:1510,1735.629286"
dHex(3)Hex(3)HexNAc(4),UniMod:1511,1736.649688,"UniMod:1511,1736.649688"
dHex(1)Hex(4)HexNAc(4)Pent(1),UniMod:1512,1738.628952,"UniMod:1512,1738.628952"
Hex(4)HexNAc(5)Sulf(1),UniMod:1513,1743.564972,"UniMod:1513,1743.564972"
Hex(7)HexNAc(3),UniMod:1514,1743.607882,"UniMod:1514,1743.607882"
dHex(1)Hex(4)HexNAc(3)NeuAc(1)Sulf(1),UniMod:1515,1774.559552,"UniMod:1515,1774.559552"
Hex(5)HexNAc(4)Me(2)Pent(1),UniMod:1516,1782.655167,"UniMod:1516,1782.655167"
Hex(3)HexNAc(6)Sulf(1),UniMod:1517,1784.591521,"UniMod:1517,1784.591521"
dHex(1)Hex(6)HexNAc(3)Sulf(1),UniMod:1518,1807.569782,"UniMod:1518,1807.569782"
dHex(1)Hex(4)HexNAc(5),UniMod:1519,1809.666066,"UniMod:1519,1809.666066"
dHex(1)Hex(5)HexA(1)HexNAc(3)Sulf(1),UniMod:1520,1821.549047,"UniMod:1520,1821.549047"
Hex(7)HexNAc(3)Phos(1),UniMod:1521,1823.574213,"UniMod:1521,1823.574213"
Hex(6)HexNAc(4)Me(3),UniMod:1522,1826.681382,"UniMod:1522,1826.681382"
dHex(2)Hex(4)HexNAc(4)Sulf(1),UniMod:1523,1832.601417,"UniMod:1523,1832.601417"
Hex(4)HexNAc(3)NeuAc(2),UniMod:1524,1839.640245,"UniMod:1524,1839.640245"
dHex(1)Hex(3)HexNAc(4)Pent(3),UniMod:1525,1840.660646,"UniMod:1525,1840.660646"
dHex(2)Hex(5)HexNAc(3)Pent(1),UniMod:1526,1843.660312,"UniMod:1526,1843.660312"
dHex(1)Hex(5)HexNAc(4)Sulf(1),UniMod:1527,1848.596331,"UniMod:1527,1848.596331"
dHex(2)Hex(3)HexNAc(4)Pent(2),UniMod:1528,1854.676296,"UniMod:1528,1854.676296"
dHex(1)Hex(5)HexNAc(3)NeuAc(1),UniMod:1529,1856.655561,"UniMod:1529,1856.655561"
Hex(3)HexNAc(6)Sulf(2),UniMod:1530,1864.548335,"UniMod:1530,1864.548335"
Hex(9)HexNAc(2),UniMod:1531,1864.634157,"UniMod:1531,1864.634157"
Hex(4)HexNAc(6),UniMod:1532,1866.68753,"UniMod:1532,1866.68753"
dHex(3)Hex(3)HexNAc(4)Pent(1),UniMod:1533,1868.691946,"UniMod:1533,1868.691946"
dHex(1)Hex(5)HexNAc(3)NeuGc(1),UniMod:1534,1872.650475,"UniMod:1534,1872.650475"
dHex(2)Hex(4)HexNAc(4)Pent(1),UniMod:1535,1884.686861,"UniMod:1535,1884.686861"
dHex(1)Hex(4)HexNAc(5)Sulf(1),UniMod:1536,1889.62288,"UniMod:1536,1889.62288"
dHex(1)Hex(7)HexNAc(3),UniMod:1537,1889.665791,"UniMod:1537,1889.665791"
dHex(1)Hex(5)HexNAc(4)Pent(1),UniMod:1538,1900.681776,"UniMod:1538,1900.681776"
dHex(1)Hex(5)HexA(1)HexNAc(3)Sulf(2),UniMod:1539,1901.505861,"UniMod:1539,1901.505861"
Hex(3)HexNAc(7),UniMod:1540,1907.714079,"UniMod:1540,1907.714079"
dHex(2)Hex(5)HexNAc(4),UniMod:1541,1914.697426,"UniMod:1541,1914.697426"
dHex(2)Hex(4)HexNAc(3)NeuAc(1)Sulf(1),UniMod:1542,1920.617461,"UniMod:1542,1920.617461"
dHex(1)Hex(5)HexNAc(4)Sulf(2),UniMod:1543,1928.553146,"UniMod:1543,1928.553146"
dHex(1)Hex(5)HexNAc(4)Me(2)Pent(1),UniMod:1544,1928.713076,"UniMod:1544,1928.713076"
Hex(5)HexNAc(4)NeuGc(1),UniMod:1545,1929.671939,"UniMod:1545,1929.671939"
dHex(1)Hex(3)HexNAc(6)Sulf(1),UniMod:1546,1930.64943,"UniMod:1546,1930.64943"
dHex(1)Hex(6)HexNAc(4),UniMod:1547,1930.69234,"UniMod:1547,1930.69234"
dHex(1)Hex(5)HexNAc(3)NeuAc(1)Sulf(1),UniMod:1548,1936.612375,"UniMod:1548,1936.612375"
Hex(7)HexNAc(4),UniMod:1549,1946.687255,"UniMod:1549,1946.687255"
dHex(1)Hex(5)HexNAc(3)NeuGc(1)Sulf(1),UniMod:1550,1952.60729,"UniMod:1550,1952.60729"
Hex(4)HexNAc(5)NeuAc(1),UniMod:1551,1954.703574,"UniMod:1551,1954.703574"
Hex(6)HexNAc(4)Me(3)Pent(1),UniMod:1552,1958.72364,"UniMod:1552,1958.72364"
dHex(1)Hex(7)HexNAc(3)Sulf(1),UniMod:1553,1969.622606,"UniMod:1553,1969.622606"
dHex(1)Hex(7)HexNAc(3)Phos(1),UniMod:1554,1969.632122,"UniMod:1554,1969.632122"
dHex(1)Hex(5)HexNAc(5),UniMod:1555,1971.718889,"UniMod:1555,1971.718889"
dHex(1)Hex(4)HexNAc(4)NeuAc(1)Sulf(1),UniMod:1556,1977.638925,"UniMod:1556,1977.638925"
dHex(3)Hex(4)HexNAc(4)Sulf(1),UniMod:1557,1978.659326,"UniMod:1557,1978.659326"
Hex(3)HexNAc(7)Sulf(1),UniMod:1558,1987.670893,"UniMod:1558,1987.670893"
Hex(6)HexNAc(5),UniMod:1559,1987.713804,"UniMod:1559,1987.713804"
Hex(5)HexNAc(4)NeuAc(1)Sulf(1),UniMod:1560,1993.633839,"UniMod:1560,1993.633839"
Hex(3)HexNAc(6)NeuAc(1),UniMod:1561,1995.730123,"UniMod:1561,1995.730123"
dHex(2)Hex(3)HexNAc(6),UniMod:1562,1996.750524,"UniMod:1562,1996.750524"
Hex(1)HexNAc(1)NeuGc(1),UniMod:1563,672.222527,"UniMod:1563,672.222527"
dHex(1)Hex(2)HexNAc(1),UniMod:1564,673.242928,"UniMod:1564,673.242928"
HexNAc(3)Sulf(1),UniMod:1565,689.194932,"UniMod:1565,689.194932"
Hex(3)HexNAc(1),UniMod:1566,689.237843,"UniMod:1566,689.237843"
Hex(1)HexNAc(1)Kdn(1)Sulf(1),UniMod:1567,695.157878,"UniMod:1567,695.157878"
HexNAc(2)NeuAc(1),UniMod:1568,697.254162,"UniMod:1568,697.254162"
HexNAc(1)Kdn(2),UniMod:1570,703.217108,"UniMod:1570,703.217108"
Hex(3)HexNAc(1)Me(1),UniMod:1571,703.253493,"UniMod:1571,703.253493"
Hex(2)HexA(1)Pent(1)Sulf(1),UniMod:1572,712.136808,"UniMod:1572,712.136808"
HexNAc(2)NeuGc(1),UniMod:1573,713.249076,"UniMod:1573,713.249076"
Hex(4)Phos(1),UniMod:1575,728.177625,"UniMod:1575,728.177625"
Hex(1)HexNAc(1)NeuAc(1)Sulf(1),UniMod:1577,736.184427,"UniMod:1577,736.184427"
Hex(1)HexA(1)HexNAc(2),UniMod:1578,744.243657,"UniMod:1578,744.243657"
dHex(1)Hex(2)HexNAc(1)Sulf(1),UniMod:1579,753.199743,"UniMod:1579,753.199743"
dHex(1)HexNAc(3),UniMod:1580,755.296027,"UniMod:1580,755.296027"
dHex(1)Hex(1)HexNAc(1)Kdn(1),UniMod:1581,761.258973,"UniMod:1581,761.258973"
Hex(1)HexNAc(3),UniMod:1582,771.290941,"UniMod:1582,771.290941"
HexNAc(2)NeuAc(1)Sulf(1),UniMod:1583,777.210976,"UniMod:1583,777.210976"
dHex(2)Hex(3),UniMod:1584,778.274288,"UniMod:1584,778.274288"
Hex(2)HexA(1)HexNAc(1)Sulf(1),UniMod:1585,783.173922,"UniMod:1585,783.173922"
dHex(2)Hex(2)HexA(1),UniMod:1586,792.253553,"UniMod:1586,792.253553"
dHex(1)Hex(1)HexNAc(2)Sulf(1),UniMod:1587,794.226292,"UniMod:1587,794.226292"
dHex(1)Hex(1)HexNAc(1)NeuAc(1),UniMod:1588,802.285522,"UniMod:1588,802.285522"
Hex(2)HexNAc(2)Sulf(1),UniMod:1589,810.221207,"UniMod:1589,810.221207"
Hex(5),UniMod:1590,810.264117,"UniMod:1590,810.264117"
HexNAc(4),UniMod:1591,812.31749,"UniMod:1591,812.31749"
HexNAc(1)NeuGc(2),UniMod:1592,817.260035,"UniMod:1592,817.260035"
dHex(1)Hex(1)HexNAc(1)NeuGc(1),UniMod:1593,818.280436,"UniMod:1593,818.280436"
dHex(2)Hex(2)HexNAc(1),UniMod:1594,819.300837,"UniMod:1594,819.300837"
Hex(2)HexNAc(1)NeuGc(1),UniMod:1595,834.275351,"UniMod:1595,834.275351"
dHex(1)Hex(3)HexNAc(1),UniMod:1596,835.295752,"UniMod:1596,835.295752"
dHex(1)Hex(2)HexA(1)HexNAc(1),UniMod:1597,849.275017,"UniMod:1597,849.275017"
Hex(1)HexNAc(3)Sulf(1),UniMod:1598,851.247756,"UniMod:1598,851.247756"
Hex(4)HexNAc(1),UniMod:1599,851.290667,"UniMod:1599,851.290667"
Hex(1)HexNAc(2)NeuAc(1),UniMod:1600,859.306985,"UniMod:1600,859.306985"
Hex(1)HexNAc(2)NeuGc(1),UniMod:1602,875.3019,"UniMod:1602,875.3019"
Hex(5)Phos(1),UniMod:1604,890.230448,"UniMod:1604,890.230448"
dHex(2)Hex(1)HexNAc(1)Kdn(1),UniMod:1606,907.316881,"UniMod:1606,907.316881"
dHex(1)Hex(3)HexNAc(1)Sulf(1),UniMod:1607,915.252567,"UniMod:1607,915.252567"
dHex(1)Hex(1)HexNAc(3),UniMod:1608,917.34885,"UniMod:1608,917.34885"
dHex(1)Hex(2)HexA(1)HexNAc(1)Sulf(1),UniMod:1609,929.231831,"UniMod:1609,929.231831"
Hex(2)HexNAc(3),UniMod:1610,933.343765,"UniMod:1610,933.343765"
Hex(1)HexNAc(2)NeuAc(1)Sulf(1),UniMod:1611,939.2638,"UniMod:1611,939.2638"
dHex(2)Hex(4),UniMod:1612,940.327112,"UniMod:1612,940.327112"
dHex(2)HexNAc(2)Kdn(1),UniMod:1614,948.34343,"UniMod:1614,948.34343"
dHex(1)Hex(2)HexNAc(2)Sulf(1),UniMod:1615,956.279116,"UniMod:1615,956.279116"
dHex(1)HexNAc(4),UniMod:1616,958.375399,"UniMod:1616,958.375399"
Hex(1)HexNAc(1)NeuAc(1)NeuGc(1),UniMod:1617,963.317944,"UniMod:1617,963.317944"
dHex(1)Hex(1)HexNAc(2)Kdn(1),UniMod:1618,964.338345,"UniMod:1618,964.338345"
Hex(1)HexNAc(1)NeuGc(2),UniMod:1619,979.312859,"UniMod:1619,979.312859"
Hex(1)HexNAc(1)NeuAc(2)Ac(1),UniMod:1620,989.333594,"UniMod:1620,989.333594"
dHex(2)Hex(2)HexA(1)HexNAc(1),UniMod:1621,995.332925,"UniMod:1621,995.332925"
dHex(1)Hex(1)HexNAc(3)Sulf(1),UniMod:1622,997.305665,"UniMod:1622,997.305665"
Hex(2)HexA(1)NeuAc(1)Pent(1)Sulf(1),UniMod:1623,1003.232225,"UniMod:1623,1003.232225"
dHex(1)Hex(1)HexNAc(2)NeuAc(1),UniMod:1624,1005.364894,"UniMod:1624,1005.364894"
dHex(1)Hex(3)HexA(1)HexNAc(1),UniMod:1625,1011.32784,"UniMod:1625,1011.32784"
Hex(2)HexNAc(3)Sulf(1),UniMod:1626,1013.300579,"UniMod:1626,1013.300579"
Hex(5)HexNAc(1),UniMod:1627,1013.34349,"UniMod:1627,1013.34349"
HexNAc(5),UniMod:1628,1015.396863,"UniMod:1628,1015.396863"
Hex(1)HexNAc(1)NeuAc(2)Ac(2),UniMod:1630,1031.344159,"UniMod:1630,1031.344159"
Hex(2)HexNAc(2)NeuGc(1),UniMod:1631,1037.354723,"UniMod:1631,1037.354723"
Hex(5)Phos(3),UniMod:1632,1050.16311,"UniMod:1632,1050.16311"
Hex(6)Phos(1),UniMod:1633,1052.283272,"UniMod:1633,1052.283272"
dHex(1)Hex(2)HexA(1)HexNAc(2),UniMod:1634,1052.354389,"UniMod:1634,1052.354389"
dHex(2)Hex(3)HexNAc(1)Sulf(1),UniMod:1635,1061.310475,"UniMod:1635,1061.310475"
Hex(1)HexNAc(3)NeuAc(1),UniMod:1636,1062.386358,"UniMod:1636,1062.386358"
dHex(2)Hex(1)HexNAc(3),UniMod:1637,1063.406759,"UniMod:1637,1063.406759"
Hex(1)HexNAc(3)NeuGc(1),UniMod:1638,1078.381273,"UniMod:1638,1078.381273"
dHex(1)Hex(1)HexNAc(2)NeuAc(1)Sulf(1),UniMod:1639,1085.321709,"UniMod:1639,1085.321709"
dHex(1)Hex(3)HexA(1)HexNAc(1)Sulf(1),UniMod:1640,1091.284655,"UniMod:1640,1091.284655"
dHex(1)Hex(1)HexA(1)HexNAc(3),UniMod:1641,1093.380938,"UniMod:1641,1093.380938"
Hex(2)HexNAc(2)NeuAc(1)Sulf(1),UniMod:1642,1101.316623,"UniMod:1642,1101.316623"
dHex(2)Hex(2)HexNAc(2)Sulf(1),UniMod:1643,1102.337025,"UniMod:1643,1102.337025"
dHex(2)Hex(1)HexNAc(2)Kdn(1),UniMod:1644,1110.396254,"UniMod:1644,1110.396254"
dHex(1)Hex(1)HexNAc(4),UniMod:1645,1120.428223,"UniMod:1645,1120.428223"
Hex(2)HexNAc(4),UniMod:1646,1136.423137,"UniMod:1646,1136.423137"
Hex(2)HexNAc(1)NeuGc(2),UniMod:1647,1141.365682,"UniMod:1647,1141.365682"
dHex(2)Hex(4)HexNAc(1),UniMod:1648,1143.406484,"UniMod:1648,1143.406484"
Hex(1)HexNAc(2)NeuAc(2),UniMod:1649,1150.402402,"UniMod:1649,1150.402402"
dHex(2)Hex(1)HexNAc(2)NeuAc(1),UniMod:1650,1151.422803,"UniMod:1650,1151.422803"
dHex(1)Hex(2)HexNAc(3)Sulf(1),UniMod:1651,1159.358488,"UniMod:1651,1159.358488"
dHex(1)HexNAc(5),UniMod:1652,1161.454772,"UniMod:1652,1161.454772"
dHex(2)Hex(1)HexNAc(2)NeuGc(1),UniMod:1653,1167.417718,"UniMod:1653,1167.417718"
dHex(3)Hex(2)HexNAc(2),UniMod:1654,1168.438119,"UniMod:1654,1168.438119"
Hex(3)HexNAc(3)Sulf(1),UniMod:1655,1175.353403,"UniMod:1655,1175.353403"
dHex(2)Hex(2)HexNAc(2)Sulf(2),UniMod:1656,1182.293839,"UniMod:1656,1182.293839"
dHex(1)Hex(2)HexNAc(2)NeuGc(1),UniMod:1657,1183.412632,"UniMod:1657,1183.412632"
dHex(1)Hex(1)HexNAc(3)NeuAc(1),UniMod:1658,1208.444267,"UniMod:1658,1208.444267"
Hex(6)Phos(3),UniMod:1659,1212.215934,"UniMod:1659,1212.215934"
dHex(1)Hex(3)HexA(1)HexNAc(2),UniMod:1660,1214.407213,"UniMod:1660,1214.407213"
dHex(1)Hex(1)HexNAc(3)NeuGc(1),UniMod:1661,1224.439181,"UniMod:1661,1224.439181"
Hex(1)HexNAc(2)NeuAc(2)Sulf(1),UniMod:1662,1230.359217,"UniMod:1662,1230.359217"
dHex(2)Hex(3)HexA(1)HexNAc(1)Sulf(1),UniMod:1663,1237.342563,"UniMod:1663,1237.342563"
Hex(1)HexNAc(1)NeuAc(3),UniMod:1664,1238.418446,"UniMod:1664,1238.418446"
Hex(2)HexNAc(3)NeuGc(1),UniMod:1665,1240.434096,"UniMod:1665,1240.434096"
dHex(1)Hex(2)HexNAc(2)NeuAc(1)Sulf(1),UniMod:1666,1247.374532,"UniMod:1666,1247.374532"
dHex(3)Hex(1)HexNAc(2)Kdn(1),UniMod:1667,1256.454163,"UniMod:1667,1256.454163"
dHex(2)Hex(3)HexNAc(2)Sulf(1),UniMod:1668,1264.389848,"UniMod:1668,1264.389848"
dHex(2)Hex(2)HexNAc(2)Kdn(1),UniMod:1669,1272.449077,"UniMod:1669,1272.449077"
dHex(2)Hex(2)HexA(1)HexNAc(2)Sulf(1),UniMod:1670,1278.369113,"UniMod:1670,1278.369113"
dHex(1)Hex(2)HexNAc(4),UniMod:1671,1282.481046,"UniMod:1671,1282.481046"
Hex(1)HexNAc(1)NeuGc(3),UniMod:1672,1286.40319,"UniMod:1672,1286.40319"
dHex(1)Hex(1)HexNAc(3)NeuAc(1)Sulf(1),UniMod:1673,1288.401081,"UniMod:1673,1288.401081"
dHex(1)Hex(3)HexA(1)HexNAc(2)Sulf(1),UniMod:1674,1294.364027,"UniMod:1674,1294.364027"
dHex(1)Hex(1)HexNAc(2)NeuAc(2),UniMod:1675,1296.460311,"UniMod:1675,1296.460311"
dHex(3)HexNAc(3)Kdn(1),UniMod:1676,1297.480712,"UniMod:1676,1297.480712"
Hex(2)HexNAc(3)NeuAc(1)Sulf(1),UniMod:1678,1304.395996,"UniMod:1678,1304.395996"
dHex(2)Hex(2)HexNAc(3)Sulf(1),UniMod:1679,1305.416397,"UniMod:1679,1305.416397"
dHex(2)HexNAc(5),UniMod:1680,1307.512681,"UniMod:1680,1307.512681"
Hex(2)HexNAc(2)NeuAc(2),UniMod:1681,1312.455225,"UniMod:1681,1312.455225"
dHex(2)Hex(2)HexNAc(2)NeuAc(1),UniMod:1682,1313.475627,"UniMod:1682,1313.475627"
dHex(1)Hex(3)HexNAc(3)Sulf(1),UniMod:1683,1321.411312,"UniMod:1683,1321.411312"
dHex(2)Hex(2)HexNAc(2)NeuGc(1),UniMod:1684,1329.470541,"UniMod:1684,1329.470541"
Hex(2)HexNAc(5),UniMod:1685,1339.50251,"UniMod:1685,1339.50251"
dHex(1)Hex(3)HexNAc(2)NeuGc(1),UniMod:1686,1345.465456,"UniMod:1686,1345.465456"
Hex(1)HexNAc(3)NeuAc(2),UniMod:1687,1353.481775,"UniMod:1687,1353.481775"
dHex(1)Hex(2)HexNAc(3)NeuAc(1),UniMod:1688,1370.49709,"UniMod:1688,1370.49709"
dHex(3)Hex(2)HexNAc(3),UniMod:1689,1371.517491,"UniMod:1689,1371.517491"
Hex(7)Phos(3),UniMod:1690,1374.268757,"UniMod:1690,1374.268757"
dHex(1)Hex(4)HexA(1)HexNAc(2),UniMod:1691,1376.460036,"UniMod:1691,1376.460036"
Hex(3)HexNAc(3)NeuAc(1),UniMod:1692,1386.492005,"UniMod:1692,1386.492005"
dHex(1)Hex(3)HexA(2)HexNAc(2),UniMod:1693,1390.439301,"UniMod:1693,1390.439301"
Hex(2)HexNAc(2)NeuAc(2)Sulf(1),UniMod:1694,1392.41204,"UniMod:1694,1392.41204"
dHex(2)Hex(2)HexNAc(2)NeuAc(1)Sulf(1),UniMod:1695,1393.432441,"UniMod:1695,1393.432441"
Hex(3)HexNAc(3)NeuGc(1),UniMod:1696,1402.48692,"UniMod:1696,1402.48692"
dHex(4)Hex(1)HexNAc(2)Kdn(1),UniMod:1697,1402.512072,"UniMod:1697,1402.512072"
dHex(3)Hex(2)HexNAc(2)Kdn(1),UniMod:1698,1418.506986,"UniMod:1698,1418.506986"
dHex(3)Hex(2)HexA(1)HexNAc(2)Sulf(1),UniMod:1699,1424.427021,"UniMod:1699,1424.427021"
Hex(2)HexNAc(4)NeuAc(1),UniMod:1700,1427.518554,"UniMod:1700,1427.518554"
dHex(2)Hex(2)HexNAc(4),UniMod:1701,1428.538955,"UniMod:1701,1428.538955"
dHex(2)Hex(3)HexA(1)HexNAc(2)Sulf(1),UniMod:1702,1440.421936,"UniMod:1702,1440.421936"
dHex(4)HexNAc(3)Kdn(1),UniMod:1703,1443.538621,"UniMod:1703,1443.538621"
Hex(2)HexNAc(1)NeuGc(3),UniMod:1705,1448.456013,"UniMod:1705,1448.456013"
dHex(4)Hex(1)HexNAc(1)Kdn(2),UniMod:1706,1449.501567,"UniMod:1706,1449.501567"
dHex(1)Hex(2)HexNAc(3)NeuAc(1)Sulf(1),UniMod:1707,1450.453905,"UniMod:1707,1450.453905"
dHex(1)Hex(2)HexNAc(2)NeuAc(2),UniMod:1708,1458.513134,"UniMod:1708,1458.513134"
dHex(3)Hex(1)HexNAc(3)Kdn(1),UniMod:1709,1459.533535,"UniMod:1709,1459.533535"
Hex(3)HexNAc(3)NeuAc(1)Sulf(1),UniMod:1711,1466.44882,"UniMod:1711,1466.44882"
Hex(3)HexNAc(2)NeuAc(2),UniMod:1712,1474.508049,"UniMod:1712,1474.508049"
Hex(3)HexNAc(3)NeuGc(1)Sulf(1),UniMod:1713,1482.443734,"UniMod:1713,1482.443734"
dHex(1)Hex(2)HexNAc(2)NeuGc(2),UniMod:1714,1490.502964,"UniMod:1714,1490.502964"
dHex(2)Hex(3)HexNAc(2)NeuGc(1),UniMod:1715,1491.523365,"UniMod:1715,1491.523365"
dHex(1)Hex(3)HexA(1)HexNAc(3)Sulf(1),UniMod:1716,1497.4434,"UniMod:1716,1497.4434"
Hex(2)HexNAc(3)NeuAc(2),UniMod:1717,1515.534598,"UniMod:1717,1515.534598"
dHex(2)Hex(2)HexNAc(3)NeuAc(1),UniMod:1718,1516.554999,"UniMod:1718,1516.554999"
dHex(4)Hex(2)HexNAc(3),UniMod:1719,1517.5754,"UniMod:1719,1517.5754"
Hex(2)HexNAc(3)NeuAc(1)NeuGc(1),UniMod:1720,1531.529513,"UniMod:1720,1531.529513"
dHex(2)Hex(2)HexNAc(3)NeuGc(1),UniMod:1721,1532.549914,"UniMod:1721,1532.549914"
dHex(3)Hex(3)HexNAc(3),UniMod:1722,1533.570315,"UniMod:1722,1533.570315"
Hex(8)Phos(3),UniMod:1723,1536.321581,"UniMod:1723,1536.321581"
dHex(1)Hex(2)HexNAc(2)NeuAc(2)Sulf(1),UniMod:1724,1538.469949,"UniMod:1724,1538.469949"
Hex(2)HexNAc(3)NeuGc(2),UniMod:1725,1547.524427,"UniMod:1725,1547.524427"
dHex(4)Hex(2)HexNAc(2)Kdn(1),UniMod:1726,1564.564895,"UniMod:1726,1564.564895"
dHex(1)Hex(2)HexNAc(4)NeuAc(1),UniMod:1727,1573.576463,"UniMod:1727,1573.576463"
dHex(3)Hex(2)HexNAc(4),UniMod:1728,1574.596864,"UniMod:1728,1574.596864"
Hex(1)HexNAc(1)NeuGc(4),UniMod:1729,1593.493521,"UniMod:1729,1593.493521"
dHex(4)Hex(1)HexNAc(3)Kdn(1),UniMod:1730,1605.591444,"UniMod:1730,1605.591444"
Hex(4)HexNAc(4)Sulf(2),UniMod:1732,1620.442414,"UniMod:1732,1620.442414"
dHex(3)Hex(2)HexNAc(3)Kdn(1),UniMod:1733,1621.586359,"UniMod:1733,1621.586359"
dHex(2)Hex(2)HexNAc(5),UniMod:1735,1631.618328,"UniMod:1735,1631.618328"
dHex(2)Hex(3)HexA(1)HexNAc(3)Sulf(1),UniMod:1736,1643.501309,"UniMod:1736,1643.501309"
dHex(1)Hex(4)HexA(1)HexNAc(3)Sulf(1),UniMod:1737,1659.496223,"UniMod:1737,1659.496223"
Hex(3)HexNAc(3)NeuAc(2),UniMod:1738,1677.587422,"UniMod:1738,1677.587422"
dHex(2)Hex(3)HexNAc(3)NeuAc(1),UniMod:1739,1678.607823,"UniMod:1739,1678.607823"
dHex(4)Hex(3)HexNAc(3),UniMod:1740,1679.628224,"UniMod:1740,1679.628224"
Hex(9)Phos(3),UniMod:1742,1698.374404,"UniMod:1742,1698.374404"
dHex(2)HexNAc(7),UniMod:1743,1713.671426,"UniMod:1743,1713.671426"
Hex(2)HexNAc(1)NeuGc(4),UniMod:1744,1755.546345,"UniMod:1744,1755.546345"
Hex(3)HexNAc(3)NeuAc(2)Sulf(1),UniMod:1745,1757.544236,"UniMod:1745,1757.544236"
dHex(2)Hex(3)HexNAc(5),UniMod:1746,1793.671151,"UniMod:1746,1793.671151"
dHex(1)Hex(2)HexNAc(2)NeuGc(3),UniMod:1747,1797.593295,"UniMod:1747,1797.593295"
dHex(2)Hex(4)HexA(1)HexNAc(3)Sulf(1),UniMod:1748,1805.554132,"UniMod:1748,1805.554132"
Hex(2)HexNAc(3)NeuAc(3),UniMod:1749,1806.630015,"UniMod:1749,1806.630015"
dHex(1)Hex(3)HexNAc(3)NeuAc(2),UniMod:1750,1823.64533,"UniMod:1750,1823.64533"
dHex(3)Hex(3)HexNAc(3)NeuAc(1),UniMod:1751,1824.665732,"UniMod:1751,1824.665732"
Hex(2)HexNAc(3)NeuGc(3),UniMod:1752,1854.614759,"UniMod:1752,1854.614759"
Hex(10)Phos(3),UniMod:1753,1860.427228,"UniMod:1753,1860.427228"
dHex(1)Hex(2)HexNAc(4)NeuAc(2),UniMod:1754,1864.67188,"UniMod:1754,1864.67188"
Hex(1)HexNAc(1)NeuGc(5),UniMod:1755,1900.583852,"UniMod:1755,1900.583852"
Hex(4)HexNAc(4)NeuAc(1)Sulf(2),UniMod:1756,1911.53783,"UniMod:1756,1911.53783"
Hex(4)HexNAc(4)NeuGc(1)Sulf(2),UniMod:1757,1927.532745,"UniMod:1757,1927.532745"
dHex(2)Hex(3)HexNAc(3)NeuAc(2),UniMod:1758,1969.703239,"UniMod:1758,1969.703239"
Hex(4)HexNAc(4)NeuAc(1)Sulf(3),UniMod:1759,1991.494645,"UniMod:1759,1991.494645"
dHex(2)Hex(2)HexNAc(2),UniMod:1760,1022.38021,"UniMod:1760,1022.38021"
dHex(1)Hex(3)HexNAc(2),UniMod:1761,1038.375125,"UniMod:1761,1038.375125"
dHex(1)Hex(2)HexNAc(3),UniMod:1762,1079.401674,"UniMod:1762,1079.401674"
Hex(3)HexNAc(3),UniMod:1763,1095.396588,"UniMod:1763,1095.396588"
dHex(1)Hex(3)HexNAc(2)Sulf(1),UniMod:1764,1118.331939,"UniMod:1764,1118.331939"
dHex(2)Hex(3)HexNAc(2),UniMod:1765,1184.433033,"UniMod:1765,1184.433033"
dHex(1)Hex(4)HexNAc(2),UniMod:1766,1200.427948,"UniMod:1766,1200.427948"
dHex(2)Hex(2)HexNAc(3),UniMod:1767,1225.459583,"UniMod:1767,1225.459583"
dHex(1)Hex(3)HexNAc(3),UniMod:1768,1241.454497,"UniMod:1768,1241.454497"
Hex(4)HexNAc(3),UniMod:1769,1257.449412,"UniMod:1769,1257.449412"
dHex(2)Hex(4)HexNAc(2),UniMod:1770,1346.485857,"UniMod:1770,1346.485857"
dHex(2)Hex(3)HexNAc(3),UniMod:1771,1387.512406,"UniMod:1771,1387.512406"
Hex(3)HexNAc(5),UniMod:1772,1501.555334,"UniMod:1772,1501.555334"
Hex(4)HexNAc(3)NeuAc(1),UniMod:1773,1548.544828,"UniMod:1773,1548.544828"
dHex(2)Hex(3)HexNAc(4),UniMod:1774,1590.591779,"UniMod:1774,1590.591779"
dHex(1)Hex(3)HexNAc(5),UniMod:1775,1647.613242,"UniMod:1775,1647.613242"
Hex(3)HexNAc(6),UniMod:1776,1704.634706,"UniMod:1776,1704.634706"
Hex(4)HexNAc(4)NeuAc(1),UniMod:1777,1751.624201,"UniMod:1777,1751.624201"
dHex(2)Hex(4)HexNAc(4),UniMod:1778,1752.644602,"UniMod:1778,1752.644602"
Hex(6)HexNAc(4),UniMod:1779,1784.634431,"UniMod:1779,1784.634431"
Hex(5)HexNAc(5),UniMod:1780,1825.660981,"UniMod:1780,1825.660981"
dHex(1)Hex(3)HexNAc(6),UniMod:1781,1850.692615,"UniMod:1781,1850.692615"
dHex(1)Hex(4)HexNAc(4)NeuAc(1),UniMod:1782,1897.68211,"UniMod:1782,1897.68211"
dHex(3)Hex(4)HexNAc(4),UniMod:1783,1898.702511,"UniMod:1783,1898.702511"
dHex(1)Hex(3)HexNAc(5)NeuAc(1),UniMod:1784,1938.708659,"UniMod:1784,1938.708659"
dHex(2)Hex(4)HexNAc(5),UniMod:1785,1955.723975,"UniMod:1785,1955.723975"
Hex(1)HexNAc(1)NeuAc(1)Ac(1),UniMod:1786,698.238177,"UniMod:1786,698.238177"
Label:13C(2)15N(2),UniMod:1787,4.00078,"UniMod:1787,4.00078"
Xlink:DSS[155],UniMod:1789,155.094629,"UniMod:1789,155.094629"
NQIGG,UniMod:1799,469.228496,"UniMod:1799,469.228496"
Carboxyethylpyrrole,UniMod:1800,122.036779,"UniMod:1800,122.036779"
Fluorescein-tyramine,UniMod:1801,493.116152,"UniMod:1801,493.116152"
GEE,UniMod:1824,86.036779,"UniMod:1824,86.036779"
RNPXL,UniMod:1825,324.035867,"UniMod:1825,324.035867"
Glu->pyro-Glu+Methyl,UniMod:1826,-3.994915,"UniMod:1826,-3.994915"
Glu->pyro-Glu+Methyl:2H(2)13C(1),UniMod:1827,-0.979006,"UniMod:1827,-0.979006"
LRGG+methyl,UniMod:1828,397.243753,"UniMod:1828,397.243753"
LRGG+dimethyl,UniMod:1829,411.259403,"UniMod:1829,411.259403"
Biotin-tyramide,UniMod:1830,361.146012,"UniMod:1830,361.146012"
Tris,UniMod:1831,104.071154,"UniMod:1831,104.071154"
IASD,UniMod:1832,452.034807,"UniMod:1832,452.034807"
NP40,UniMod:1833,220.182715,"UniMod:1833,220.182715"
Tween20,UniMod:1834,165.164326,"UniMod:1834,165.164326"
Tween80,UniMod:1835,263.237491,"UniMod:1835,263.237491"
Triton,UniMod:1836,188.156501,"UniMod:1836,188.156501"
Brij35,UniMod:1837,168.187801,"UniMod:1837,168.187801"
Brij58,UniMod:1838,224.250401,"UniMod:1838,224.250401"
betaFNA,UniMod:1839,454.210387,"UniMod:1839,454.210387"
dHex(1)Hex(7)HexNAc(4),UniMod:1840,2092.745164,"UniMod:1840,2092.745164"
Biotin:Thermo-21328,UniMod:1841,389.090154,"UniMod:1841,389.090154"
PhosphoCytidine,UniMod:1843,305.041287,"UniMod:1843,305.041287"
AzidoF,UniMod:1845,41.001397,"UniMod:1845,41.001397"
Dimethylaminoethyl,UniMod:1846,71.073499,"UniMod:1846,71.073499"
Gluratylation,UniMod:1848,114.031694,"UniMod:1848,114.031694"
hydroxyisobutyryl,UniMod:1849,86.036779,"UniMod:1849,86.036779"
MeMePhosphorothioate,UniMod:1868,107.979873,"UniMod:1868,107.979873"
Cation:Fe[III],UniMod:1870,52.911464,"UniMod:1870,52.911464"
DTT,UniMod:1871,151.996571,"UniMod:1871,151.996571"
DYn-2,UniMod:1872,161.09664,"UniMod:1872,161.09664"
MesitylOxide,UniMod:1873,98.073165,"UniMod:1873,98.073165"
methylol,UniMod:1875,30.010565,"UniMod:1875,30.010565"
Xlink:DSS[259],UniMod:1877,259.141973,"UniMod:1877,259.141973"
Xlink:DSSO[176],UniMod:1878,176.01433,"UniMod:1878,176.01433"
Xlink:DSSO[175],UniMod:1879,175.030314,"UniMod:1879,175.030314"
Xlink:DSSO[279],UniMod:1880,279.077658,"UniMod:1880,279.077658"
Xlink:DSSO[54],UniMod:1881,54.010565,"UniMod:1881,54.010565"
Xlink:DSSO[86],UniMod:1882,85.982635,"UniMod:1882,85.982635"
Xlink:DSSO[104],UniMod:1883,103.9932,"UniMod:1883,103.9932"
Xlink:BuUrBu[111],UniMod:1885,111.032028,"UniMod:1885,111.032028"
Xlink:BuUrBu[85],UniMod:1886,85.052764,"UniMod:1886,85.052764"
Xlink:BuUrBu[213],UniMod:1887,213.111341,"UniMod:1887,213.111341"
Xlink:BuUrBu[214],UniMod:1888,214.095357,"UniMod:1888,214.095357"
Xlink:BuUrBu[317],UniMod:1889,317.158686,"UniMod:1889,317.158686"
Xlink:DSSO[158],UniMod:1896,158.003765,"UniMod:1896,158.003765"
Xlink:EGS[226],UniMod:1897,226.047738,"UniMod:1897,226.047738"
Xlink:DSS[138],UniMod:1898,138.06808,"UniMod:1898,138.06808"
Xlink:BuUrBu[196],UniMod:1899,196.084792,"UniMod:1899,196.084792"
Xlink:DTBP[172],UniMod:1900,172.01289,"UniMod:1900,172.01289"
Xlink:DST[114],UniMod:1901,113.995309,"UniMod:1901,113.995309"
Xlink:DTSSP[174],UniMod:1902,173.980921,"UniMod:1902,173.980921"
Xlink:SMCC[219],UniMod:1903,219.089543,"UniMod:1903,219.089543"
Xlink:BS2G[96],UniMod:1905,96.021129,"UniMod:1905,96.021129"
Xlink:BS2G[113],UniMod:1906,113.047679,"UniMod:1906,113.047679"
Xlink:BS2G[114],UniMod:1907,114.031694,"UniMod:1907,114.031694"
Xlink:BS2G[217],UniMod:1908,217.095023,"UniMod:1908,217.095023"
Cation:Al[III],UniMod:1910,23.958063,"UniMod:1910,23.958063"
Xlink:DMP[139],UniMod:1911,139.110947,"UniMod:1911,139.110947"
Xlink:DMP[122],UniMod:1912,122.084398,"UniMod:1912,122.084398"
glyoxalAGE,UniMod:1913,21.98435,"UniMod:1913,21.98435"
Met->AspSA,UniMod:1914,-32.008456,"UniMod:1914,-32.008456"
Decarboxylation,UniMod:1915,-30.010565,"UniMod:1915,-30.010565"
Aspartylurea,UniMod:1916,-10.031969,"UniMod:1916,-10.031969"
Formylasparagine,UniMod:1917,4.97893,"UniMod:1917,4.97893"
Carbonyl,UniMod:1918,13.979265,"UniMod:1918,13.979265"
AFB1_Dialdehyde,UniMod:1920,310.047738,"UniMod:1920,310.047738"
Pro->HAVA,UniMod:1922,18.010565,"UniMod:1922,18.010565"
Delta:H(-4)O(2),UniMod:1923,27.958529,"UniMod:1923,27.958529"
Delta:H(-4)O(3),UniMod:1924,43.953444,"UniMod:1924,43.953444"
Delta:O(4),UniMod:1925,63.979659,"UniMod:1925,63.979659"
Delta:H(4)C(3)O(2),UniMod:1926,72.021129,"UniMod:1926,72.021129"
Delta:H(4)C(5)O(1),UniMod:1927,80.026215,"UniMod:1927,80.026215"
Delta:H(10)C(8)O(1),UniMod:1928,122.073165,"UniMod:1928,122.073165"
Delta:H(6)C(7)O(4),UniMod:1929,154.026609,"UniMod:1929,154.026609"
Pent(2),UniMod:1930,264.084518,"UniMod:1930,264.084518"
Pent(1)HexNAc(1),UniMod:1931,335.121631,"UniMod:1931,335.121631"
Hex(2)Sulf(1),UniMod:1932,404.062462,"UniMod:1932,404.062462"
Hex(1)Pent(2)Me(1),UniMod:1933,440.152991,"UniMod:1933,440.152991"
HexNAc(2)Sulf(1),UniMod:1934,486.11556,"UniMod:1934,486.11556"
Hex(1)Pent(3)Me(1),UniMod:1935,572.19525,"UniMod:1935,572.19525"
Hex(2)Pent(2),UniMod:1936,588.190165,"UniMod:1936,588.190165"
Hex(2)Pent(2)Me(1),UniMod:1937,602.205815,"UniMod:1937,602.205815"
Hex(4)HexA(1),UniMod:1938,824.243382,"UniMod:1938,824.243382"
Hex(2)HexNAc(1)Pent(1)HexA(1),UniMod:1939,835.259366,"UniMod:1939,835.259366"
Hex(3)HexNAc(1)HexA(1),UniMod:1940,865.269931,"UniMod:1940,865.269931"
Hex(1)HexNAc(2)dHex(2)Sulf(1),UniMod:1941,940.284201,"UniMod:1941,940.284201"
HexA(2)HexNAc(3),UniMod:1942,961.302294,"UniMod:1942,961.302294"
dHex(1)Hex(4)HexA(1),UniMod:1943,970.301291,"UniMod:1943,970.301291"
Hex(5)HexA(1),UniMod:1944,986.296206,"UniMod:1944,986.296206"
Hex(4)HexA(1)HexNAc(1),UniMod:1945,1027.322755,"UniMod:1945,1027.322755"
dHex(3)Hex(3)HexNAc(1),UniMod:1946,1127.41157,"UniMod:1946,1127.41157"
Hex(6)HexNAc(1),UniMod:1947,1175.396314,"UniMod:1947,1175.396314"
Hex(1)HexNAc(4)dHex(1)Sulf(1),UniMod:1948,1200.385037,"UniMod:1948,1200.385037"
dHex(1)Hex(2)HexNAc(1)NeuAc(2),UniMod:1949,1255.433762,"UniMod:1949,1255.433762"
dHex(3)Hex(3)HexNAc(2),UniMod:1950,1330.490942,"UniMod:1950,1330.490942"
dHex(2)Hex(1)HexNAc(4)Sulf(1),UniMod:1951,1346.442946,"UniMod:1951,1346.442946"
dHex(1)Hex(2)HexNAc(4)Sulf(2),UniMod:1952,1442.394675,"UniMod:1952,1442.394675"
Hex(9),UniMod:1953,1458.475412,"UniMod:1953,1458.475412"
dHex(2)Hex(3)HexNAc(3)Sulf(1),UniMod:1954,1467.469221,"UniMod:1954,1467.469221"
dHex(2)Hex(5)HexNAc(2)Me(1),UniMod:1955,1522.554331,"UniMod:1955,1522.554331"
dHex(2)Hex(2)HexNAc(4)Sulf(2),UniMod:1956,1588.452584,"UniMod:1956,1588.452584"
Hex(9)HexNAc(1),UniMod:1957,1661.554784,"UniMod:1957,1661.554784"
dHex(3)Hex(2)HexNAc(4)Sulf(2),UniMod:1958,1734.510493,"UniMod:1958,1734.510493"
Hex(4)HexNAc(4)NeuGc(1),UniMod:1959,1767.619116,"UniMod:1959,1767.619116"
dHex(4)Hex(3)HexNAc(2)NeuAc(1),UniMod:1960,1767.644268,"UniMod:1960,1767.644268"
Hex(3)HexNAc(5)NeuAc(1),UniMod:1961,1792.65075,"UniMod:1961,1792.65075"
Hex(10)HexNAc(1),UniMod:1962,1823.607608,"UniMod:1962,1823.607608"
dHex(1)Hex(8)HexNAc(2),UniMod:1963,1848.639242,"UniMod:1963,1848.639242"
Hex(3)HexNAc(4)NeuAc(2),UniMod:1964,1880.666794,"UniMod:1964,1880.666794"
dHex(2)Hex(3)HexNAc(4)NeuAc(1),UniMod:1965,1881.687195,"UniMod:1965,1881.687195"
dHex(2)Hex(2)HexNAc(6)Sulf(1),UniMod:1966,1914.654515,"UniMod:1966,1914.654515"
Hex(5)HexNAc(4)NeuAc(1)Ac(1),UniMod:1967,1955.687589,"UniMod:1967,1955.687589"
Hex(3)HexNAc(3)NeuAc(3),UniMod:1968,1968.682838,"UniMod:1968,1968.682838"
Hex(5)HexNAc(4)NeuAc(1)Ac(2),UniMod:1969,1997.698154,"UniMod:1969,1997.698154"
Unknown:162,UniMod:1970,162.125595,"UniMod:1970,162.125595"
Unknown:177,UniMod:1971,176.744957,"UniMod:1971,176.744957"
Unknown:210,UniMod:1972,210.16198,"UniMod:1972,210.16198"
Unknown:216,UniMod:1973,216.099774,"UniMod:1973,216.099774"
Unknown:234,UniMod:1974,234.073953,"UniMod:1974,234.073953"
Unknown:248,UniMod:1975,248.19876,"UniMod:1975,248.19876"
Unknown:250,UniMod:1976,249.981018,"UniMod:1976,249.981018"
Unknown:302,UniMod:1977,301.986514,"UniMod:1977,301.986514"
Unknown:306,UniMod:1978,306.095082,"UniMod:1978,306.095082"
Unknown:420,UniMod:1979,420.051719,"UniMod:1979,420.051719"
Diethylphosphothione,UniMod:1986,152.006087,"UniMod:1986,152.006087"
Dimethylphosphothione,UniMod:1987,123.974787,"UniMod:1987,123.974787"
monomethylphosphothione,UniMod:1989,109.959137,"UniMod:1989,109.959137"
CIGG,UniMod:1990,330.136176,"UniMod:1990,330.136176"
GNLLFLACYCIGG,UniMod:1991,1324.6308,"UniMod:1991,1324.6308"
serotonylation,UniMod:1992,159.068414,"UniMod:1992,159.068414"
TMPP-Ac:13C(9),UniMod:1993,581.211328,"UniMod:1993,581.211328"
Xlink:DST[56],UniMod:1999,55.989829,"UniMod:1999,55.989829"
ZQG,UniMod:2001,320.100836,"UniMod:2001,320.100836"
Haloxon,UniMod:2006,203.950987,"UniMod:2006,203.950987"
Methamidophos-S,UniMod:2007,108.975121,"UniMod:2007,108.975121"
Methamidophos-O,UniMod:2008,92.997965,"UniMod:2008,92.997965"
Nitrene,UniMod:2014,12.995249,"UniMod:2014,12.995249"
shTMT,UniMod:2015,235.176741,"UniMod:2015,235.176741"
TMTpro,UniMod:2016,304.207146,"UniMod:2016,304.207146"
TMTpro_zero,UniMod:2017,295.189592,"UniMod:2017,295.189592"
Kdo,UniMod:2022,220.058303,"UniMod:2022,220.058303"
Andro-H2O,UniMod:2025,332.19876,"UniMod:2025,332.19876"
His+O(2),UniMod:2027,169.048741,"UniMod:2027,169.048741"
Hex(6)HexNAc(5)NeuAc(3),UniMod:2028,2861.000054,"UniMod:2028,2861.000054"
Hex(7)HexNAc(6),UniMod:2029,2352.846,"UniMod:2029,2352.846"
Met+O(2),UniMod:2033,163.030314,"UniMod:2033,163.030314"
Gly+O(2),UniMod:2034,89.011293,"UniMod:2034,89.011293"
Pro+O(2),UniMod:2035,129.042593,"UniMod:2035,129.042593"
Lys+O(2),UniMod:2036,160.084792,"UniMod:2036,160.084792"
Glu+O(2),UniMod:2037,161.032422,"UniMod:2037,161.032422"
LTX+Lophotoxin,UniMod:2039,416.147118,"UniMod:2039,416.147118"
MBS+peptide,UniMod:2040,1482.77,"UniMod:2040,1482.77"
3-hydroxybenzyl-phosphate,UniMod:2041,186.008196,"UniMod:2041,186.008196"
phenyl-phosphate,UniMod:2042,155.997631,"UniMod:2042,155.997631"
RBS-ID_Uridine,UniMod:2044,244.069536,"UniMod:2044,244.069536"
shTMTpro,UniMod:2050,313.231019,"UniMod:2050,313.231019"
Biotin:Aha-DADPS,UniMod:2052,922.465403,"UniMod:2052,922.465403"
